-- ================================================================
-- streamdb : seed data (artists, tracks, users, plays)
-- Run 01_schema.sql first, then this file.
-- ================================================================
USE streamdb;

INSERT INTO artists (artist_id, name, country) VALUES
(1, 'Sarkodie', 'Ghana'),
(2, 'Burna Boy', 'Nigeria'),
(3, 'Amaarae', 'Ghana'),
(4, 'Tyla', 'South Africa'),
(5, 'Wizkid', 'Nigeria'),
(6, 'Black Sherif', 'Ghana'),
(7, 'Tems', 'Nigeria'),
(8, 'Kabza De Small', 'South Africa'),
(9, 'Stonebwoy', 'Ghana'),
(10, 'Ayra Starr', 'Nigeria'),
(11, 'Nina Simone', 'USA'),
(12, 'Daft Punk', 'France'),
(13, 'The Weeknd', 'Canada'),
(14, 'Dua Lipa', 'UK'),
(15, 'Kendrick Lamar', 'USA');

INSERT INTO tracks (track_id, title, artist_id, genre, duration_ms) VALUES
(1, 'Broken Rain', 1, 'Highlife', 152000),
(2, 'Sunset Static', 1, 'Hip-Hop', 233000),
(3, 'Frozen Fire', 1, 'Highlife', 194000),
(4, 'Midnight Waves', 1, 'Afrobeats', 247000),
(5, 'Sunset Rhythm', 1, 'Hip-Hop', 281000),
(6, 'Midnight Nights', 2, 'Afrobeats', 301000),
(7, 'Frozen Rain', 2, 'Afrobeats', 196000),
(8, 'Midnight Static', 2, 'Afrobeats', 214000),
(9, 'Endless Heart', 2, 'Afrobeats', 286000),
(10, 'Silent Static', 2, 'Afrobeats', 166000),
(11, 'Frozen Skyline', 2, 'R&B', 164000),
(12, 'Radiant Skyline', 3, 'R&B', 314000),
(13, 'Burning Horizon', 3, 'R&B', 259000),
(14, 'Frozen Pulse', 3, 'R&B', 216000),
(15, 'Higher Rhythm', 4, 'Amapiano', 287000),
(16, 'Silent Bloom', 4, 'Pop', 227000),
(17, 'Crimson Fever', 4, 'R&B', 158000),
(18, 'Electric Bloom', 4, 'Pop', 182000),
(19, 'Broken Shadows', 5, 'Pop', 150000),
(20, 'Frozen Motion', 5, 'Pop', 317000),
(21, 'Velvet Shadows', 5, 'Pop', 157000),
(22, 'Sunset Echoes', 5, 'Pop', 318000),
(23, 'Sunset Fire', 5, 'Pop', 305000),
(24, 'Silent Rain', 6, 'Highlife', 228000),
(25, 'Golden Pulse', 6, 'Hip-Hop', 183000),
(26, 'Radiant Nights', 6, 'Hip-Hop', 155000),
(27, 'Sweet Fever', 6, 'Afrobeats', 203000),
(28, 'Rising Rain', 6, 'Hip-Hop', 160000),
(29, 'Higher Pulse', 6, 'Hip-Hop', 280000),
(30, 'Broken Horizon', 7, 'Afrobeats', 320000),
(31, 'Endless Gold', 7, 'Afrobeats', 199000),
(32, 'Broken Waves', 7, 'R&B', 178000),
(33, 'Lonely Rhythm', 7, 'R&B', 264000),
(34, 'Frozen Roads', 7, 'Afrobeats', 212000),
(35, 'Burning Gold', 8, 'Electronic', 172000),
(36, 'Distant Fire', 8, 'Electronic', 314000),
(37, 'Burning Rain', 8, 'Electronic', 242000),
(38, 'Electric Shadows', 9, 'Highlife', 155000),
(39, 'Sweet Waves', 9, 'Afrobeats', 252000),
(40, 'Higher Nights', 9, 'Highlife', 293000),
(41, 'Golden Heart', 9, 'Afrobeats', 233000),
(42, 'Radiant Dreams', 9, 'Afrobeats', 193000),
(43, 'Radiant Rain', 9, 'Afrobeats', 302000),
(44, 'Velvet Gold', 10, 'Pop', 171000),
(45, 'Crimson Shadows', 10, 'Pop', 219000),
(46, 'Sunset Heart', 10, 'Afrobeats', 227000),
(47, 'Wild Shadows', 10, 'Afrobeats', 272000),
(48, 'Golden Skyline', 10, 'Pop', 177000),
(49, 'Distant Fever', 11, 'Jazz', 318000),
(50, 'Wild Bloom', 11, 'R&B', 182000),
(51, 'Velvet Rhythm', 11, 'R&B', 302000),
(52, 'Lonely Rain', 12, 'Electronic', 191000),
(53, 'Distant Shadows', 12, 'Pop', 147000),
(54, 'Golden Echoes', 12, 'Pop', 206000),
(55, 'Sweet Gold', 12, 'Pop', 229000),
(56, 'Electric Rhythm', 13, 'Pop', 190000),
(57, 'Neon Skyline', 13, 'Pop', 299000),
(58, 'Hollow Gold', 13, 'R&B', 309000),
(59, 'Electric Rain', 13, 'R&B', 262000),
(60, 'Higher Horizon', 13, 'Pop', 162000),
(61, 'Crimson Rain', 14, 'Pop', 180000),
(62, 'Higher Heart', 14, 'Pop', 178000),
(63, 'Velvet Heart', 14, 'Pop', 145000),
(64, 'Golden Nights', 14, 'Pop', 251000),
(65, 'Sweet Skyline', 14, 'Pop', 204000),
(66, 'Distant Rhythm', 14, 'Electronic', 206000),
(67, 'Broken Fire', 15, 'R&B', 257000),
(68, 'Frozen Bloom', 15, 'R&B', 268000),
(69, 'Broken Static', 15, 'Hip-Hop', 274000),
(70, 'Distant Dreams', 15, 'R&B', 186000),
(71, 'Broken Roads', 15, 'Hip-Hop', 261000),
(72, 'Burning Fire', 15, 'R&B', 314000);

INSERT INTO users (user_id, display_name, country, tier, signup_date) VALUES
(1, 'Liam_1', 'South Africa', 'Free', '2025-03-13'),
(2, 'Olivia_2', 'USA', 'Free', '2025-06-11'),
(3, 'Efua_3', 'Nigeria', 'Premium', '2025-04-03'),
(4, 'Sofia_4', 'Ghana', 'Free', '2025-01-20'),
(5, 'Wei_5', 'Ghana', 'Premium', '2024-01-11'),
(6, 'Kojo_6', 'South Africa', 'Free', '2024-03-02'),
(7, 'Esi_7', 'India', 'Premium', '2024-03-09'),
(8, 'Akosua_8', 'Ghana', 'Premium', '2024-05-17'),
(9, 'Priya_9', 'Nigeria', 'Premium', '2025-03-12'),
(10, 'Kwame_10', 'Nigeria', 'Premium', '2024-09-18'),
(11, 'Aarav_11', 'USA', 'Free', '2025-01-22'),
(12, 'Tomas_12', 'Germany', 'Free', '2025-04-17'),
(13, 'Omar_13', 'India', 'Premium', '2024-04-27'),
(14, 'Liam_14', 'South Africa', 'Free', '2025-02-01'),
(15, 'Kofi_15', 'Germany', 'Free', '2024-03-02'),
(16, 'Efua_16', 'Germany', 'Free', '2025-06-10'),
(17, 'Kobby_17', 'Nigeria', 'Free', '2024-03-06'),
(18, 'Sofia_18', 'UK', 'Premium', '2024-06-18'),
(19, 'Chloe_19', 'Nigeria', 'Premium', '2025-02-12'),
(20, 'Emma_20', 'Ghana', 'Premium', '2024-05-17'),
(21, 'Aarav_21', 'Nigeria', 'Free', '2024-05-27'),
(22, 'Efua_22', 'Ghana', 'Premium', '2024-01-10'),
(23, 'Omar_23', 'Germany', 'Premium', '2025-05-28'),
(24, 'Olivia_24', 'Germany', 'Free', '2025-05-13'),
(25, 'Chloe_25', 'India', 'Free', '2024-12-20'),
(26, 'Olivia_26', 'Ghana', 'Free', '2025-05-21'),
(27, 'Tomas_27', 'India', 'Free', '2025-05-25'),
(28, 'Kwesi_28', 'Canada', 'Free', '2025-06-19'),
(29, 'Wei_29', 'Ghana', 'Premium', '2024-06-04'),
(30, 'Ingrid_30', 'UK', 'Free', '2025-06-18'),
(31, 'Mei_31', 'UK', 'Premium', '2025-01-24'),
(32, 'Kwesi_32', 'USA', 'Premium', '2025-06-24'),
(33, 'Nana_33', 'Nigeria', 'Free', '2025-02-24'),
(34, 'Priya_34', 'Nigeria', 'Free', '2025-04-28'),
(35, 'Ingrid_35', 'Ghana', 'Free', '2025-01-20'),
(36, 'Aarav_36', 'Ghana', 'Free', '2024-11-24'),
(37, 'Omar_37', 'Canada', 'Free', '2024-01-16'),
(38, 'Sofia_38', 'Germany', 'Premium', '2024-08-10'),
(39, 'Esi_39', 'Nigeria', 'Free', '2025-01-18'),
(40, 'Aarav_40', 'Nigeria', 'Free', '2025-01-10');

INSERT INTO plays (play_id, user_id, track_id, played_at, ms_played) VALUES
(1, 3, 24, '2025-05-30 13:27:48', 42437),
(2, 12, 43, '2025-06-03 08:17:27', 267465),
(3, 40, 67, '2025-06-22 20:40:25', 190461),
(4, 40, 56, '2025-04-09 19:28:39', 136209),
(5, 18, 37, '2025-06-24 16:10:30', 203500),
(6, 7, 48, '2025-05-15 10:30:35', 128825),
(7, 40, 22, '2025-04-26 21:31:35', 281577),
(8, 40, 20, '2025-05-17 16:15:05', 270174),
(9, 32, 56, '2025-05-01 17:56:01', 167351),
(10, 40, 43, '2025-04-27 11:48:03', 301414),
(11, 17, 22, '2025-05-23 17:55:54', 274996),
(12, 40, 65, '2025-06-04 14:19:54', 60731),
(13, 3, 43, '2025-06-09 21:30:37', 280587),
(14, 10, 12, '2025-06-20 22:15:50', 309200),
(15, 40, 65, '2025-04-16 20:44:41', 10183),
(16, 40, 5, '2025-04-01 07:36:58', 278813),
(17, 3, 12, '2025-05-01 17:44:48', 296200),
(18, 40, 1, '2025-04-25 11:50:38', 124658),
(19, 15, 43, '2025-06-27 18:56:15', 265376),
(20, 40, 43, '2025-06-08 12:01:12', 245119),
(21, 40, 43, '2025-04-28 14:23:14', 258889),
(22, 37, 54, '2025-06-07 09:51:18', 157334),
(23, 40, 22, '2025-05-06 20:14:29', 304336),
(24, 40, 37, '2025-05-22 09:14:31', 188586),
(25, 3, 16, '2025-06-25 05:01:38', 56553),
(26, 4, 12, '2025-05-19 18:20:46', 29993),
(27, 40, 4, '2025-04-24 21:47:29', 221905),
(28, 4, 10, '2025-06-29 15:06:00', 124306),
(29, 20, 58, '2025-05-28 19:24:22', 227802),
(30, 12, 67, '2025-04-09 15:23:34', 242098),
(31, 3, 58, '2025-04-06 14:51:40', 13202),
(32, 40, 8, '2025-06-16 05:12:47', 171752),
(33, 21, 51, '2025-06-27 17:16:47', 211894),
(34, 3, 67, '2025-06-10 17:51:40', 193958),
(35, 40, 62, '2025-05-21 22:49:24', 133296),
(36, 40, 54, '2025-06-25 09:51:59', 183997),
(37, 40, 61, '2025-04-29 20:29:23', 151668),
(38, 40, 5, '2025-06-12 10:04:41', 252609),
(39, 6, 11, '2025-06-22 23:16:39', 161314),
(40, 40, 42, '2025-06-28 09:08:26', 170395),
(41, 19, 65, '2025-06-19 18:07:49', 167243),
(42, 15, 21, '2025-05-01 11:28:15', 147798),
(43, 14, 43, '2025-04-24 05:16:15', 297032),
(44, 14, 65, '2025-05-20 03:00:30', 167302),
(45, 40, 21, '2025-04-07 11:07:03', 114822),
(46, 40, 24, '2025-05-12 20:28:38', 173464),
(47, 24, 5, '2025-06-03 18:22:13', 38412),
(48, 40, 65, '2025-04-07 19:58:13', 167166),
(49, 40, 62, '2025-04-24 12:13:02', 18289),
(50, 40, 45, '2025-06-15 18:09:40', 188842),
(51, 20, 67, '2025-05-15 11:19:26', 226716),
(52, 12, 33, '2025-05-15 01:49:51', 211495),
(53, 5, 12, '2025-06-26 14:10:27', 267605),
(54, 40, 45, '2025-05-19 08:00:03', 164969),
(55, 25, 19, '2025-05-29 21:47:32', 16258),
(56, 40, 64, '2025-06-25 07:31:48', 21600),
(57, 40, 27, '2025-06-18 04:58:30', 147755),
(58, 40, 18, '2025-06-23 17:52:57', 153907),
(59, 3, 46, '2025-06-01 09:30:11', 179410),
(60, 12, 65, '2025-05-13 07:15:46', 198013),
(61, 40, 13, '2025-06-12 04:53:20', 221436),
(62, 28, 36, '2025-06-04 12:15:27', 243230),
(63, 40, 23, '2025-04-05 17:31:29', 273568),
(64, 27, 9, '2025-06-18 20:25:06', 258129),
(65, 40, 14, '2025-05-23 18:02:40', 198411),
(66, 40, 35, '2025-05-24 05:32:57', 61168),
(67, 7, 12, '2025-04-11 17:44:52', 257533),
(68, 40, 62, '2025-06-27 21:10:43', 50992),
(69, 40, 48, '2025-06-01 11:20:57', 140555),
(70, 37, 24, '2025-05-23 21:13:37', 164427),
(71, 23, 25, '2025-04-26 14:40:59', 180011),
(72, 27, 48, '2025-06-14 07:33:03', 160283),
(73, 40, 24, '2025-05-25 18:57:06', 208288),
(74, 40, 32, '2025-05-02 23:36:09', 136182),
(75, 20, 43, '2025-06-01 22:18:52', 288191),
(76, 14, 56, '2025-06-25 21:46:00', 174000),
(77, 14, 14, '2025-05-17 16:57:03', 152660),
(78, 40, 44, '2025-04-09 17:19:06', 139435),
(79, 7, 43, '2025-05-30 09:39:53', 243327),
(80, 40, 16, '2025-06-08 15:04:40', 193534),
(81, 40, 65, '2025-06-28 05:52:35', 182244),
(82, 3, 66, '2025-06-26 19:15:10', 170806),
(83, 40, 12, '2025-04-24 08:58:49', 245655),
(84, 40, 43, '2025-04-20 09:38:41', 234290),
(85, 40, 71, '2025-05-23 05:40:03', 253269),
(86, 40, 42, '2025-04-02 20:47:58', 149907),
(87, 40, 13, '2025-06-30 11:41:02', 215811),
(88, 40, 40, '2025-06-09 11:35:43', 239872),
(89, 37, 11, '2025-05-05 21:57:13', 64290),
(90, 12, 67, '2025-04-29 19:10:47', 211248),
(91, 40, 71, '2025-05-12 20:58:44', 244584),
(92, 40, 40, '2025-06-19 18:54:01', 245437),
(93, 12, 46, '2025-06-15 14:37:04', 19666),
(94, 3, 49, '2025-04-16 21:22:09', 89350),
(95, 40, 9, '2025-06-03 18:47:02', 270178),
(96, 40, 67, '2025-06-22 05:55:48', 31964),
(97, 40, 65, '2025-04-26 03:54:58', 184188),
(98, 40, 62, '2025-06-03 15:08:06', 146652),
(99, 40, 26, '2025-05-16 02:16:59', 129525),
(100, 40, 26, '2025-06-13 17:30:54', 110547),
(101, 40, 49, '2025-05-17 19:22:30', 234513),
(102, 19, 44, '2025-05-29 11:27:00', 123235),
(103, 12, 63, '2025-04-02 15:31:44', 124253),
(104, 13, 26, '2025-06-27 16:36:10', 141157),
(105, 40, 43, '2025-04-22 21:49:05', 225104),
(106, 40, 36, '2025-06-02 13:25:59', 121450),
(107, 40, 39, '2025-06-04 13:19:16', 87672),
(108, 40, 56, '2025-04-29 15:34:38', 155838),
(109, 40, 42, '2025-05-29 16:55:53', 165453),
(110, 34, 14, '2025-05-18 19:37:14', 166793),
(111, 40, 65, '2025-05-23 11:48:45', 159025),
(112, 40, 23, '2025-06-10 17:22:10', 226843),
(113, 9, 17, '2025-04-22 18:12:24', 130090),
(114, 12, 12, '2025-05-17 09:40:58', 224247),
(115, 40, 22, '2025-04-03 20:27:44', 225498),
(116, 40, 55, '2025-04-20 17:25:00', 215501),
(117, 40, 65, '2025-06-19 18:41:56', 157781),
(118, 40, 27, '2025-06-06 18:29:27', 59995),
(119, 40, 17, '2025-04-30 14:45:40', 111888),
(120, 12, 67, '2025-06-02 14:43:42', 181293),
(121, 14, 24, '2025-05-13 15:06:02', 185789),
(122, 40, 45, '2025-05-24 07:36:29', 201785),
(123, 12, 71, '2025-05-25 14:29:13', 198742),
(124, 29, 24, '2025-06-10 17:40:03', 14854),
(125, 17, 31, '2025-05-16 14:44:43', 187893),
(126, 34, 67, '2025-05-14 22:14:51', 14030),
(127, 14, 45, '2025-06-16 17:30:41', 199585),
(128, 40, 37, '2025-06-05 20:50:52', 185805),
(129, 40, 23, '2025-06-14 15:50:54', 269350),
(130, 27, 63, '2025-06-06 15:51:46', 122492),
(131, 27, 48, '2025-05-21 14:40:05', 149137),
(132, 8, 61, '2025-04-10 20:57:20', 167493),
(133, 16, 48, '2025-05-30 18:13:04', 23708),
(134, 12, 61, '2025-06-20 09:28:22', 161029),
(135, 40, 11, '2025-04-22 21:38:50', 156518),
(136, 40, 45, '2025-06-19 09:44:13', 168632),
(137, 36, 15, '2025-05-27 11:14:52', 66222),
(138, 40, 18, '2025-06-24 18:15:31', 137908),
(139, 40, 48, '2025-06-19 15:36:31', 151346),
(140, 40, 32, '2025-06-30 18:11:40', 11012),
(141, 38, 71, '2025-06-07 21:21:51', 201638),
(142, 40, 28, '2025-04-07 18:40:08', 143099),
(143, 24, 26, '2025-06-14 16:58:13', 111955),
(144, 37, 37, '2025-06-18 11:52:31', 235778),
(145, 12, 13, '2025-05-09 09:31:50', 198020),
(146, 40, 37, '2025-05-30 17:50:02', 175914),
(147, 35, 65, '2025-05-14 07:02:12', 146741),
(148, 40, 48, '2025-06-15 21:39:24', 162978),
(149, 40, 48, '2025-06-21 06:02:42', 28763),
(150, 2, 67, '2025-06-21 14:06:58', 198079),
(151, 32, 27, '2025-06-15 17:16:55', 170324),
(152, 39, 43, '2025-05-28 17:58:03', 266590),
(153, 29, 2, '2025-05-29 21:28:04', 183454),
(154, 13, 48, '2025-05-21 14:06:05', 7035),
(155, 40, 71, '2025-05-17 00:42:07', 198605),
(156, 40, 23, '2025-04-18 01:46:36', 11571),
(157, 40, 16, '2025-05-11 19:44:54', 224186),
(158, 40, 67, '2025-05-19 21:16:58', 6930),
(159, 20, 36, '2025-06-22 18:39:05', 283544),
(160, 40, 40, '2025-06-01 12:36:46', 109511),
(161, 36, 63, '2025-04-17 22:10:40', 131171),
(162, 3, 27, '2025-06-26 19:36:21', 188189),
(163, 2, 52, '2025-06-16 17:55:38', 45448),
(164, 29, 36, '2025-05-30 22:15:24', 250517),
(165, 32, 24, '2025-06-16 11:00:20', 165143),
(166, 9, 71, '2025-05-04 08:56:55', 254507),
(167, 40, 11, '2025-06-07 21:22:34', 127934),
(168, 40, 48, '2025-06-15 18:14:19', 137437),
(169, 40, 36, '2025-06-25 17:00:50', 266344),
(170, 40, 66, '2025-06-13 10:37:33', 175433),
(171, 40, 11, '2025-05-23 09:13:12', 152670),
(172, 3, 17, '2025-05-28 14:33:54', 135113),
(173, 20, 11, '2025-06-21 13:29:50', 23385),
(174, 40, 71, '2025-05-24 02:02:13', 257041),
(175, 34, 12, '2025-04-27 21:17:27', 299586),
(176, 12, 21, '2025-06-28 11:02:21', 8342),
(177, 40, 43, '2025-04-07 13:45:29', 289789),
(178, 40, 24, '2025-06-03 21:45:05', 225988),
(179, 40, 67, '2025-05-14 15:10:23', 184963),
(180, 3, 45, '2025-06-26 21:03:57', 187103),
(181, 3, 71, '2025-06-15 18:41:48', 103952),
(182, 34, 48, '2025-04-02 09:47:19', 154748),
(183, 12, 43, '2025-05-07 11:07:23', 230162),
(184, 40, 67, '2025-06-24 21:29:45', 33908),
(185, 40, 56, '2025-04-12 17:23:56', 158236),
(186, 15, 27, '2025-06-19 17:28:21', 52976),
(187, 40, 50, '2025-04-20 10:03:11', 24581),
(188, 40, 24, '2025-05-02 14:09:01', 181593),
(189, 9, 43, '2025-05-02 07:29:57', 294106),
(190, 19, 43, '2025-06-23 18:13:35', 237826),
(191, 6, 67, '2025-06-28 14:16:15', 201159),
(192, 2, 70, '2025-04-10 19:18:09', 152540),
(193, 19, 67, '2025-05-24 15:50:53', 185214),
(194, 12, 15, '2025-06-24 10:36:11', 223919),
(195, 36, 48, '2025-04-25 06:05:56', 137401),
(196, 20, 21, '2025-04-19 18:40:51', 50366),
(197, 40, 8, '2025-06-10 14:46:58', 204975),
(198, 40, 37, '2025-06-03 22:05:00', 92226),
(199, 40, 5, '2025-05-02 09:53:23', 197308),
(200, 40, 13, '2025-05-10 21:33:04', 223371),
(201, 19, 66, '2025-06-14 20:36:48', 69854),
(202, 16, 15, '2025-05-18 02:51:34', 86143),
(203, 3, 65, '2025-04-24 07:16:35', 30570),
(204, 15, 42, '2025-05-02 20:40:36', 158083),
(205, 36, 13, '2025-06-21 18:02:17', 217950),
(206, 14, 45, '2025-04-16 07:56:08', 213862),
(207, 29, 67, '2025-06-12 08:52:01', 248793),
(208, 31, 33, '2025-04-07 22:03:49', 241892),
(209, 40, 65, '2025-06-19 17:58:20', 72813),
(210, 40, 65, '2025-04-20 18:22:15', 19290),
(211, 2, 43, '2025-05-25 06:27:12', 57042),
(212, 40, 65, '2025-06-14 21:40:02', 145052),
(213, 40, 48, '2025-06-21 17:58:43', 126243),
(214, 40, 40, '2025-06-02 11:33:00', 245130),
(215, 40, 67, '2025-05-10 08:03:38', 190972),
(216, 7, 13, '2025-05-20 16:09:28', 234586),
(217, 19, 54, '2025-05-29 11:47:05', 189736),
(218, 34, 49, '2025-05-29 18:12:35', 302920),
(219, 12, 28, '2025-05-21 20:01:15', 150383),
(220, 22, 67, '2025-05-14 21:10:55', 215279),
(221, 10, 59, '2025-05-04 23:18:03', 50612),
(222, 40, 40, '2025-05-18 05:24:53', 34513),
(223, 40, 37, '2025-06-30 18:59:09', 31541),
(224, 40, 43, '2025-06-01 20:52:53', 273690),
(225, 32, 49, '2025-05-02 17:40:58', 58794),
(226, 40, 67, '2025-06-13 17:31:25', 216509),
(227, 34, 42, '2025-06-21 17:24:54', 154296),
(228, 1, 48, '2025-05-10 16:38:24', 156637),
(229, 34, 63, '2025-05-13 12:34:19', 116700),
(230, 16, 48, '2025-04-14 21:20:53', 151846),
(231, 40, 24, '2025-06-22 22:01:03', 200549),
(232, 40, 43, '2025-05-26 23:33:52', 258286),
(233, 40, 48, '2025-04-08 18:28:00', 54075),
(234, 12, 17, '2025-05-23 18:59:36', 136921),
(235, 40, 48, '2025-05-18 17:37:21', 52542),
(236, 7, 43, '2025-05-07 22:52:19', 301824),
(237, 40, 68, '2025-05-09 21:32:56', 254657),
(238, 40, 8, '2025-04-26 21:26:11', 79693),
(239, 40, 37, '2025-06-30 17:02:44', 241873),
(240, 40, 48, '2025-04-02 12:53:06', 70255),
(241, 38, 65, '2025-06-13 17:55:41', 31023),
(242, 7, 57, '2025-05-15 07:10:33', 27352),
(243, 40, 39, '2025-06-27 15:29:39', 218712),
(244, 40, 4, '2025-04-20 10:17:10', 181160),
(245, 40, 8, '2025-05-10 15:24:01', 212689),
(246, 10, 22, '2025-04-08 05:15:15', 245345),
(247, 40, 27, '2025-05-07 21:52:29', 174576),
(248, 40, 48, '2025-06-29 06:43:24', 150021),
(249, 12, 24, '2025-06-21 15:50:55', 184051),
(250, 23, 33, '2025-04-02 20:25:35', 228824),
(251, 26, 65, '2025-05-15 05:07:27', 155330),
(252, 3, 25, '2025-05-20 13:27:02', 143945),
(253, 7, 65, '2025-06-08 06:17:34', 197608),
(254, 31, 22, '2025-06-15 10:23:22', 298719),
(255, 34, 23, '2025-04-26 22:32:13', 97598),
(256, 40, 71, '2025-06-30 17:28:37', 249572),
(257, 40, 43, '2025-04-27 20:07:43', 261838),
(258, 40, 2, '2025-04-06 18:09:19', 193451),
(259, 27, 45, '2025-05-07 18:06:04', 192222),
(260, 40, 26, '2025-04-25 18:05:14', 131824),
(261, 40, 65, '2025-05-15 21:49:40', 41244),
(262, 40, 48, '2025-04-23 13:51:42', 65631),
(263, 12, 48, '2025-04-30 20:22:57', 33729),
(264, 12, 18, '2025-06-09 04:02:38', 152351),
(265, 40, 67, '2025-06-11 16:40:40', 245159),
(266, 25, 48, '2025-06-09 11:27:42', 42530),
(267, 40, 49, '2025-06-23 20:37:38', 227466),
(268, 4, 56, '2025-06-15 10:58:22', 158797),
(269, 25, 45, '2025-06-30 17:14:17', 211306),
(270, 40, 65, '2025-06-25 18:47:44', 146358),
(271, 40, 65, '2025-06-06 09:43:32', 155205),
(272, 40, 24, '2025-04-08 18:51:35', 190533),
(273, 32, 32, '2025-05-26 11:03:10', 144951),
(274, 40, 43, '2025-04-19 18:31:42', 95639),
(275, 40, 27, '2025-05-18 21:22:44', 78828),
(276, 40, 39, '2025-04-30 17:07:35', 196688),
(277, 7, 65, '2025-05-31 15:49:25', 166424),
(278, 7, 27, '2025-05-22 04:57:17', 149504),
(279, 40, 26, '2025-04-22 15:36:23', 35704),
(280, 40, 51, '2025-06-30 19:05:47', 225660),
(281, 21, 61, '2025-06-04 22:31:12', 131960),
(282, 16, 48, '2025-06-04 17:59:46', 132985),
(283, 28, 16, '2025-06-12 02:25:53', 180980),
(284, 29, 48, '2025-04-15 18:19:47', 147245),
(285, 40, 34, '2025-05-07 13:35:58', 151103),
(286, 31, 72, '2025-04-16 19:58:52', 33369),
(287, 40, 48, '2025-05-22 16:10:19', 34818),
(288, 40, 70, '2025-04-22 15:25:05', 144503),
(289, 40, 65, '2025-06-10 00:53:39', 161363),
(290, 3, 65, '2025-04-12 05:45:26', 28105),
(291, 40, 41, '2025-06-23 08:18:00', 188713),
(292, 40, 39, '2025-05-20 16:33:29', 196632),
(293, 3, 65, '2025-06-29 22:39:05', 182721),
(294, 40, 43, '2025-06-05 17:26:23', 256411),
(295, 40, 22, '2025-05-25 17:54:12', 241856),
(296, 15, 32, '2025-06-05 13:37:26', 141709),
(297, 7, 45, '2025-04-17 09:56:12', 186525),
(298, 14, 49, '2025-06-04 09:42:16', 293539),
(299, 4, 48, '2025-05-29 07:32:58', 128714),
(300, 40, 43, '2025-06-16 08:32:35', 293529),
(301, 30, 65, '2025-06-30 18:06:29', 30119),
(302, 3, 59, '2025-05-28 19:08:23', 232204),
(303, 40, 27, '2025-04-08 18:13:29', 200337),
(304, 40, 12, '2025-04-13 23:12:36', 267901),
(305, 40, 48, '2025-06-11 12:48:47', 53891),
(306, 40, 43, '2025-05-24 16:22:46', 258027),
(307, 40, 67, '2025-05-27 19:07:02', 205216),
(308, 2, 12, '2025-06-07 02:37:28', 109948),
(309, 40, 65, '2025-05-01 08:59:18', 181355),
(310, 40, 65, '2025-06-21 16:44:48', 49874),
(311, 40, 4, '2025-06-30 15:30:55', 86319),
(312, 10, 43, '2025-06-17 18:25:53', 262965),
(313, 40, 32, '2025-04-29 22:33:04', 133179),
(314, 35, 32, '2025-05-30 04:10:52', 150019),
(315, 14, 43, '2025-06-26 12:21:37', 291178),
(316, 17, 24, '2025-04-08 08:42:09', 193949),
(317, 3, 71, '2025-05-10 17:37:08', 195184),
(318, 27, 48, '2025-06-21 19:40:36', 176020),
(319, 40, 9, '2025-04-29 19:09:43', 247733),
(320, 31, 45, '2025-05-24 17:22:55', 49199),
(321, 40, 43, '2025-06-06 20:50:30', 257175),
(322, 31, 48, '2025-04-21 09:56:55', 174515),
(323, 20, 27, '2025-05-05 08:04:09', 178228),
(324, 40, 21, '2025-06-05 22:04:58', 129838),
(325, 40, 48, '2025-05-29 23:22:49', 155652),
(326, 40, 45, '2025-05-07 09:57:16', 184351),
(327, 40, 21, '2025-06-08 10:25:28', 152373),
(328, 4, 48, '2025-04-15 10:03:08', 161613),
(329, 40, 45, '2025-05-09 08:12:17', 156914),
(330, 31, 48, '2025-04-27 12:47:01', 146035),
(331, 40, 11, '2025-04-23 20:50:02', 153979),
(332, 21, 3, '2025-05-14 21:55:00', 156341),
(333, 5, 28, '2025-04-10 17:46:53', 14349),
(334, 25, 32, '2025-05-25 20:22:52', 160971),
(335, 40, 23, '2025-04-21 23:36:21', 276094),
(336, 40, 59, '2025-06-13 19:19:41', 219872),
(337, 40, 24, '2025-05-11 16:17:08', 52513),
(338, 40, 70, '2025-04-21 17:25:48', 138208),
(339, 40, 21, '2025-04-10 16:35:49', 119685),
(340, 40, 60, '2025-06-23 20:54:58', 159906),
(341, 25, 48, '2025-04-30 23:31:13', 154052),
(342, 2, 48, '2025-04-27 19:01:06', 150234),
(343, 40, 35, '2025-06-06 13:14:36', 163459),
(344, 34, 24, '2025-06-02 10:16:01', 186234),
(345, 36, 65, '2025-05-08 14:17:19', 194627),
(346, 40, 24, '2025-04-21 20:55:49', 196636),
(347, 21, 24, '2025-04-14 00:55:57', 218981),
(348, 40, 65, '2025-04-27 05:50:13', 62550),
(349, 40, 48, '2025-04-24 20:59:19', 6235),
(350, 40, 31, '2025-04-19 12:32:47', 165329),
(351, 40, 51, '2025-04-14 12:58:42', 215714),
(352, 7, 3, '2025-05-30 09:40:44', 173473),
(353, 21, 71, '2025-05-17 07:01:03', 198489),
(354, 14, 1, '2025-06-27 22:33:27', 147897),
(355, 36, 31, '2025-06-11 16:07:33', 162201),
(356, 17, 53, '2025-06-28 20:56:14', 22343),
(357, 40, 7, '2025-05-02 22:12:32', 154711),
(358, 40, 45, '2025-04-03 18:41:29', 188504),
(359, 29, 69, '2025-05-14 12:26:24', 245535),
(360, 36, 23, '2025-06-16 21:40:00', 304420),
(361, 7, 21, '2025-06-01 13:15:52', 112105),
(362, 40, 27, '2025-06-24 05:44:35', 162784),
(363, 35, 48, '2025-05-19 17:30:47', 159693),
(364, 29, 55, '2025-06-30 10:40:50', 211879),
(365, 3, 65, '2025-06-29 11:42:43', 186331),
(366, 35, 66, '2025-04-28 17:16:16', 178412),
(367, 40, 67, '2025-05-30 17:09:04', 249037),
(368, 40, 17, '2025-04-22 13:43:11', 59227),
(369, 27, 27, '2025-06-20 18:58:02', 170153),
(370, 26, 12, '2025-04-18 08:16:24', 288134),
(371, 34, 27, '2025-05-05 18:17:25', 67696),
(372, 7, 1, '2025-06-10 09:33:09', 149671),
(373, 2, 35, '2025-04-29 13:21:51', 157790),
(374, 40, 45, '2025-05-01 17:19:45', 188087),
(375, 12, 65, '2025-06-18 06:40:31', 194725),
(376, 29, 51, '2025-05-04 19:58:02', 103709),
(377, 26, 65, '2025-05-05 14:41:38', 180725),
(378, 3, 48, '2025-04-18 17:54:45', 128537),
(379, 40, 37, '2025-04-13 15:25:33', 172754),
(380, 34, 49, '2025-04-16 17:59:29', 245698),
(381, 40, 43, '2025-06-22 15:31:08', 237646),
(382, 40, 45, '2025-05-14 04:43:18', 168782),
(383, 36, 3, '2025-04-14 20:36:52', 149931),
(384, 36, 50, '2025-05-28 05:43:12', 59778),
(385, 40, 7, '2025-06-19 08:26:52', 149668),
(386, 4, 44, '2025-05-24 00:34:17', 163211),
(387, 3, 38, '2025-06-20 16:32:56', 133418),
(388, 3, 21, '2025-06-16 20:16:19', 134397),
(389, 40, 16, '2025-06-26 18:45:37', 218725),
(390, 40, 27, '2025-06-25 16:03:46', 179123),
(391, 12, 40, '2025-06-17 03:14:50', 282706),
(392, 12, 21, '2025-06-01 14:46:28', 61238),
(393, 40, 9, '2025-06-03 05:55:56', 99539),
(394, 40, 48, '2025-05-28 19:31:14', 137728),
(395, 39, 50, '2025-05-26 08:49:58', 140612),
(396, 16, 48, '2025-06-14 22:26:14', 168850),
(397, 11, 15, '2025-05-16 20:59:44', 231396),
(398, 20, 51, '2025-06-21 19:45:35', 283323),
(399, 30, 70, '2025-06-19 08:51:42', 54804),
(400, 12, 48, '2025-04-21 11:41:34', 29110),
(401, 7, 65, '2025-05-17 18:07:02', 185799),
(402, 40, 30, '2025-06-26 16:18:31', 236188),
(403, 40, 48, '2025-04-26 11:19:38', 154730),
(404, 40, 23, '2025-05-03 21:54:57', 83485),
(405, 3, 48, '2025-04-15 00:12:09', 153365),
(406, 40, 12, '2025-05-21 12:23:11', 293092),
(407, 30, 18, '2025-05-19 19:07:50', 10191),
(408, 40, 14, '2025-05-24 07:41:44', 175757),
(409, 5, 48, '2025-06-10 19:23:10', 67946),
(410, 9, 23, '2025-05-06 11:06:56', 284415),
(411, 37, 45, '2025-04-17 15:10:36', 179214),
(412, 40, 23, '2025-05-04 16:08:58', 225951),
(413, 40, 62, '2025-04-04 22:31:50', 139623),
(414, 32, 72, '2025-04-13 08:53:16', 234167),
(415, 15, 48, '2025-05-04 21:05:42', 175280),
(416, 24, 10, '2025-05-24 20:52:15', 19083),
(417, 40, 29, '2025-06-01 18:52:19', 219960),
(418, 5, 37, '2025-04-03 21:26:50', 236430),
(419, 12, 15, '2025-06-06 08:22:49', 244292),
(420, 3, 65, '2025-06-09 06:00:50', 164426),
(421, 40, 21, '2025-06-24 19:40:04', 136858),
(422, 40, 18, '2025-04-14 18:22:37', 176259),
(423, 3, 27, '2025-05-22 11:44:59', 193774),
(424, 40, 65, '2025-06-16 17:27:24', 162393),
(425, 40, 12, '2025-06-12 17:41:40', 252830),
(426, 40, 48, '2025-06-12 20:15:12', 161582),
(427, 40, 36, '2025-06-24 18:45:03', 309303),
(428, 14, 67, '2025-06-14 12:24:25', 224410),
(429, 19, 27, '2025-06-05 21:27:50', 149348),
(430, 9, 27, '2025-06-22 15:26:38', 147545),
(431, 5, 27, '2025-05-10 20:39:02', 188052),
(432, 14, 23, '2025-06-22 14:34:51', 262736),
(433, 27, 67, '2025-06-17 09:17:21', 231588),
(434, 40, 62, '2025-05-06 12:56:32', 135229),
(435, 16, 12, '2025-05-13 00:54:11', 305933),
(436, 40, 53, '2025-05-01 13:06:35', 111749),
(437, 40, 10, '2025-06-25 21:42:26', 135586),
(438, 39, 35, '2025-05-11 18:40:43', 163298),
(439, 40, 65, '2025-05-23 13:01:03', 54436),
(440, 40, 52, '2025-05-18 19:57:09', 47624),
(441, 12, 24, '2025-05-21 00:59:57', 226183),
(442, 18, 48, '2025-04-08 14:47:37', 142981),
(443, 40, 48, '2025-06-14 02:35:26', 148834),
(444, 22, 66, '2025-05-22 22:23:44', 176690),
(445, 39, 15, '2025-06-18 19:22:57', 222153),
(446, 40, 66, '2025-05-06 16:43:19', 195126),
(447, 40, 27, '2025-06-28 22:11:17', 47060),
(448, 21, 32, '2025-06-25 14:43:16', 155568),
(449, 40, 42, '2025-05-02 09:58:39', 186129),
(450, 40, 45, '2025-06-23 04:17:48', 207265),
(451, 40, 67, '2025-06-12 11:23:45', 195772),
(452, 40, 65, '2025-05-01 19:02:34', 166380),
(453, 40, 45, '2025-05-02 10:04:56', 207397),
(454, 12, 19, '2025-06-18 18:59:19', 112722),
(455, 31, 65, '2025-06-14 14:50:47', 164874),
(456, 39, 45, '2025-05-10 09:55:09', 191146),
(457, 37, 37, '2025-04-19 12:04:59', 200273),
(458, 40, 24, '2025-05-29 14:36:46', 176961),
(459, 40, 43, '2025-04-21 18:48:15', 296445),
(460, 29, 65, '2025-05-13 11:41:45', 189463),
(461, 13, 24, '2025-04-11 17:52:32', 171899),
(462, 2, 10, '2025-05-11 17:56:51', 124183),
(463, 8, 48, '2025-06-19 12:00:29', 127772),
(464, 40, 4, '2025-06-29 17:38:51', 236302),
(465, 14, 45, '2025-04-28 17:21:21', 180691),
(466, 14, 50, '2025-05-04 22:36:34', 71148),
(467, 40, 52, '2025-05-02 13:40:17', 167260),
(468, 3, 65, '2025-06-27 14:42:55', 177634),
(469, 7, 43, '2025-05-08 23:04:41', 300878),
(470, 7, 48, '2025-06-22 17:12:21', 30455),
(471, 40, 60, '2025-04-12 21:01:28', 130806),
(472, 40, 56, '2025-04-26 19:53:18', 180351),
(473, 40, 38, '2025-06-01 01:22:13', 149800),
(474, 20, 46, '2025-05-26 16:40:10', 172696),
(475, 40, 66, '2025-04-08 09:22:26', 150894),
(476, 36, 65, '2025-05-09 20:23:49', 49254),
(477, 40, 65, '2025-06-15 15:52:08', 168287),
(478, 18, 21, '2025-04-27 11:01:58', 143912),
(479, 40, 65, '2025-05-17 19:24:10', 6687),
(480, 40, 3, '2025-04-16 19:34:24', 141439),
(481, 3, 45, '2025-05-20 04:56:36', 213824),
(482, 40, 24, '2025-05-21 18:13:00', 173233),
(483, 40, 42, '2025-04-15 20:12:28', 181433),
(484, 40, 51, '2025-06-24 19:36:46', 90446),
(485, 40, 48, '2025-06-06 18:15:45', 133190),
(486, 40, 49, '2025-04-17 16:24:04', 223242),
(487, 40, 48, '2025-05-14 19:52:14', 17294),
(488, 31, 42, '2025-06-24 09:00:02', 149491),
(489, 32, 48, '2025-06-14 04:35:40', 66330),
(490, 40, 69, '2025-04-04 19:06:48', 74350),
(491, 40, 62, '2025-04-22 16:06:32', 124747),
(492, 40, 11, '2025-04-12 03:41:52', 150024),
(493, 31, 27, '2025-04-12 05:34:39', 32332),
(494, 7, 42, '2025-04-05 20:51:53', 148674),
(495, 26, 45, '2025-06-06 23:39:05', 36317),
(496, 19, 33, '2025-06-19 20:06:05', 204175),
(497, 3, 21, '2025-05-22 17:21:49', 49753),
(498, 31, 42, '2025-06-07 17:33:24', 177605),
(499, 2, 10, '2025-04-27 19:48:50', 52789),
(500, 40, 39, '2025-04-06 18:54:58', 43452),
(501, 25, 27, '2025-05-18 18:16:50', 148307),
(502, 40, 67, '2025-04-22 08:41:41', 222624),
(503, 14, 3, '2025-05-03 11:26:34', 189281),
(504, 40, 65, '2025-05-08 19:49:15', 149671),
(505, 3, 28, '2025-04-07 20:27:40', 35017),
(506, 40, 45, '2025-04-22 16:41:42', 165049),
(507, 40, 65, '2025-06-04 10:48:58', 150554),
(508, 40, 48, '2025-06-30 09:28:39', 173256),
(509, 12, 48, '2025-05-13 12:01:05', 166887),
(510, 40, 48, '2025-06-03 17:41:04', 128089),
(511, 40, 10, '2025-06-10 16:04:23', 158692),
(512, 12, 58, '2025-06-28 18:17:58', 44736),
(513, 40, 71, '2025-05-14 18:11:28', 243075),
(514, 14, 65, '2025-05-09 20:01:24', 195416),
(515, 3, 65, '2025-05-10 12:39:00', 45890),
(516, 40, 12, '2025-06-05 09:09:30', 305288),
(517, 17, 27, '2025-04-14 17:03:04', 165389),
(518, 16, 62, '2025-05-11 18:08:23', 158877),
(519, 40, 19, '2025-06-05 20:58:50', 106971),
(520, 28, 36, '2025-04-28 09:14:48', 281638),
(521, 28, 35, '2025-05-02 00:06:42', 151370),
(522, 6, 50, '2025-05-18 07:29:35', 67851),
(523, 12, 8, '2025-06-25 21:27:28', 178892),
(524, 14, 9, '2025-05-20 21:35:03', 273976),
(525, 3, 35, '2025-06-01 23:59:54', 124067),
(526, 4, 21, '2025-04-30 08:55:20', 140107),
(527, 6, 48, '2025-06-14 07:51:28', 175611),
(528, 38, 24, '2025-05-11 07:30:30', 227057),
(529, 40, 4, '2025-06-23 18:43:47', 191158),
(530, 40, 67, '2025-06-04 08:51:56', 228098),
(531, 34, 3, '2025-06-04 18:44:14', 165250),
(532, 19, 65, '2025-04-27 03:28:08', 155865),
(533, 40, 2, '2025-06-26 14:43:10', 225628),
(534, 13, 48, '2025-05-12 20:47:31', 136508),
(535, 40, 24, '2025-06-18 09:50:29', 163763),
(536, 29, 3, '2025-05-15 13:42:45', 5020),
(537, 40, 43, '2025-04-21 20:38:29', 245619),
(538, 40, 67, '2025-04-30 07:26:09', 47102),
(539, 40, 19, '2025-06-22 05:14:27', 131799),
(540, 40, 17, '2025-05-01 17:14:55', 157265),
(541, 2, 12, '2025-05-15 05:58:52', 257675),
(542, 29, 10, '2025-06-12 09:08:26', 159658),
(543, 40, 24, '2025-06-04 16:07:28', 208039),
(544, 40, 10, '2025-06-23 22:12:27', 128095),
(545, 40, 37, '2025-06-20 22:41:15', 179023),
(546, 23, 21, '2025-06-08 05:43:30', 139056),
(547, 35, 65, '2025-05-21 18:45:41', 158063),
(548, 40, 37, '2025-06-29 06:13:34', 199873),
(549, 28, 43, '2025-05-12 18:24:42', 295259),
(550, 31, 15, '2025-04-27 11:02:32', 211096),
(551, 25, 45, '2025-05-20 15:21:36', 194521),
(552, 11, 48, '2025-04-23 15:01:43', 165144),
(553, 40, 48, '2025-06-13 20:41:13', 136763),
(554, 3, 18, '2025-05-12 20:41:16', 171038),
(555, 40, 2, '2025-06-21 17:12:57', 198809),
(556, 16, 11, '2025-04-06 19:53:11', 16438),
(557, 4, 3, '2025-05-02 18:15:01', 30996),
(558, 32, 27, '2025-04-20 12:33:22', 159042),
(559, 3, 24, '2025-05-08 21:16:10', 39465),
(560, 8, 43, '2025-04-18 20:21:21', 284849),
(561, 19, 39, '2025-06-16 19:53:44', 45813),
(562, 12, 48, '2025-06-15 19:06:04', 176590),
(563, 35, 65, '2025-05-20 20:39:05', 143661),
(564, 15, 48, '2025-04-25 17:06:53', 151651),
(565, 2, 23, '2025-05-25 12:03:01', 241217),
(566, 12, 66, '2025-06-03 18:39:12', 187618),
(567, 24, 42, '2025-06-23 07:03:14', 179743),
(568, 40, 27, '2025-06-27 19:19:25', 46353),
(569, 40, 17, '2025-04-14 05:32:15', 140861),
(570, 40, 51, '2025-04-06 12:50:32', 273850),
(571, 29, 9, '2025-05-25 19:06:42', 233308),
(572, 40, 65, '2025-06-16 16:28:20', 189013),
(573, 40, 67, '2025-05-12 15:59:46', 64733),
(574, 40, 65, '2025-04-14 21:08:02', 146941),
(575, 40, 9, '2025-05-20 17:19:42', 257524),
(576, 40, 51, '2025-05-24 08:44:06', 105653),
(577, 40, 27, '2025-06-06 16:44:04', 168730),
(578, 24, 39, '2025-04-22 09:48:51', 36827),
(579, 40, 67, '2025-05-19 16:05:16', 230587),
(580, 35, 26, '2025-05-20 22:38:51', 116995),
(581, 38, 65, '2025-06-12 21:31:06', 144612),
(582, 40, 69, '2025-05-01 15:44:09', 236574),
(583, 14, 1, '2025-06-07 18:03:52', 123067),
(584, 40, 65, '2025-05-31 21:20:14', 166775),
(585, 40, 26, '2025-05-05 17:25:24', 49288),
(586, 16, 56, '2025-05-15 17:56:36', 185702),
(587, 19, 17, '2025-04-09 21:10:48', 131958),
(588, 24, 45, '2025-05-13 20:08:15', 198556),
(589, 40, 59, '2025-06-23 09:20:56', 254519),
(590, 34, 45, '2025-06-04 05:55:53', 213827),
(591, 16, 28, '2025-06-14 20:13:46', 26439),
(592, 40, 34, '2025-06-22 21:01:14', 151843),
(593, 40, 63, '2025-04-25 15:25:19', 142938),
(594, 40, 29, '2025-06-22 17:20:57', 242172),
(595, 3, 65, '2025-05-29 07:37:53', 143573),
(596, 27, 33, '2025-06-22 18:13:13', 201165),
(597, 2, 46, '2025-06-04 17:29:37', 17102),
(598, 7, 55, '2025-04-24 11:32:50', 167873),
(599, 40, 17, '2025-04-28 20:47:27', 32316),
(600, 12, 53, '2025-04-26 12:21:32', 135688),
(601, 40, 72, '2025-04-03 20:38:24', 243831),
(602, 40, 12, '2025-04-04 18:56:48', 12264),
(603, 40, 66, '2025-04-26 02:32:54', 177675),
(604, 34, 17, '2025-05-20 08:13:09', 13929),
(605, 38, 38, '2025-05-31 11:17:14', 114552),
(606, 40, 19, '2025-06-14 19:57:45', 120209),
(607, 12, 66, '2025-05-24 09:38:11', 191437),
(608, 40, 22, '2025-04-16 15:38:45', 289561),
(609, 3, 11, '2025-04-09 22:28:55', 159208),
(610, 40, 22, '2025-05-16 12:10:40', 317191),
(611, 40, 37, '2025-04-30 09:10:55', 190624),
(612, 7, 48, '2025-06-03 15:09:12', 151269),
(613, 18, 43, '2025-05-21 15:37:31', 273243),
(614, 40, 10, '2025-05-30 08:10:14', 142635),
(615, 40, 49, '2025-04-15 19:21:22', 283586),
(616, 40, 65, '2025-06-20 17:00:02', 184084),
(617, 40, 27, '2025-06-09 18:27:39', 190272),
(618, 31, 48, '2025-04-02 18:40:23', 161348),
(619, 40, 45, '2025-06-06 12:10:35', 171123),
(620, 36, 27, '2025-06-23 19:01:39', 165918),
(621, 22, 62, '2025-05-25 02:35:34', 132217),
(622, 16, 61, '2025-05-08 13:38:36', 151407),
(623, 40, 2, '2025-04-11 20:40:34', 227985),
(624, 3, 21, '2025-04-22 18:01:04', 119526),
(625, 40, 13, '2025-05-06 10:27:16', 195339),
(626, 9, 59, '2025-06-27 16:59:05', 188625),
(627, 40, 12, '2025-06-12 20:24:27', 298048),
(628, 3, 18, '2025-04-18 12:05:03', 172909),
(629, 40, 21, '2025-06-02 07:10:06', 122878),
(630, 16, 36, '2025-05-11 22:27:20', 223007),
(631, 9, 21, '2025-06-30 18:11:10', 152841),
(632, 34, 5, '2025-04-10 16:43:57', 272156),
(633, 40, 48, '2025-04-03 15:01:38', 133563),
(634, 12, 16, '2025-06-20 21:35:33', 159503),
(635, 40, 67, '2025-05-23 21:44:32', 204679),
(636, 40, 67, '2025-05-29 19:26:21', 201037),
(637, 40, 21, '2025-05-07 13:17:57', 110180),
(638, 16, 57, '2025-06-30 18:20:41', 230068),
(639, 4, 67, '2025-05-29 16:17:54', 185985),
(640, 40, 66, '2025-04-20 19:36:26', 205368),
(641, 40, 35, '2025-04-02 17:08:06', 148931),
(642, 40, 53, '2025-05-18 19:16:05', 37365),
(643, 40, 24, '2025-06-18 12:04:41', 226173),
(644, 40, 47, '2025-06-26 23:27:49', 250197),
(645, 7, 43, '2025-06-03 12:43:44', 230391),
(646, 40, 45, '2025-06-16 11:38:55', 54350),
(647, 3, 41, '2025-06-20 11:32:02', 9510),
(648, 19, 11, '2025-04-27 17:56:45', 154694),
(649, 12, 13, '2025-04-24 08:52:48', 225385),
(650, 14, 65, '2025-04-22 21:14:30', 146793),
(651, 40, 68, '2025-04-28 21:39:19', 257455),
(652, 35, 37, '2025-06-02 22:13:06', 177323),
(653, 40, 65, '2025-06-11 10:29:30', 153318),
(654, 40, 65, '2025-05-24 07:20:25', 173573),
(655, 40, 45, '2025-05-22 11:23:06', 174550),
(656, 8, 71, '2025-05-09 07:24:07', 225987),
(657, 12, 4, '2025-05-13 16:20:49', 42255),
(658, 36, 49, '2025-05-19 13:49:43', 248524),
(659, 40, 32, '2025-05-26 20:42:11', 171113),
(660, 40, 2, '2025-04-30 22:04:26', 229614),
(661, 19, 12, '2025-06-05 19:15:42', 30318),
(662, 32, 7, '2025-06-06 18:00:17', 157712),
(663, 40, 30, '2025-06-23 18:32:26', 247689),
(664, 7, 65, '2025-04-03 09:11:57', 160327),
(665, 31, 67, '2025-05-30 19:20:43', 188718),
(666, 40, 65, '2025-05-31 18:27:07', 170837),
(667, 40, 71, '2025-05-11 18:01:03', 203818),
(668, 28, 67, '2025-05-12 13:08:22', 201208),
(669, 11, 63, '2025-04-21 08:37:50', 139146),
(670, 40, 56, '2025-04-14 16:29:34', 142206),
(671, 15, 65, '2025-04-29 19:15:57', 67580),
(672, 40, 6, '2025-05-30 14:30:48', 217115),
(673, 12, 48, '2025-05-19 16:59:02', 15769),
(674, 40, 10, '2025-06-14 19:21:41', 56051),
(675, 22, 27, '2025-06-26 10:09:11', 188381),
(676, 40, 43, '2025-05-24 21:37:02', 231923),
(677, 3, 5, '2025-06-17 19:18:32', 221768),
(678, 40, 39, '2025-05-24 08:42:13', 66221),
(679, 5, 21, '2025-04-02 10:25:06', 133776),
(680, 31, 22, '2025-05-08 11:42:21', 279053),
(681, 16, 21, '2025-04-11 06:03:34', 134963),
(682, 36, 48, '2025-05-23 15:12:06', 143031),
(683, 3, 14, '2025-04-11 17:57:30', 194452),
(684, 40, 6, '2025-06-07 18:37:46', 225496),
(685, 17, 67, '2025-06-16 10:14:37', 53066),
(686, 1, 40, '2025-05-15 20:10:28', 100172),
(687, 16, 48, '2025-05-17 10:58:09', 54884),
(688, 4, 65, '2025-04-14 10:09:02', 181476),
(689, 40, 65, '2025-05-07 21:50:35', 185011),
(690, 12, 27, '2025-06-14 20:34:12', 150381),
(691, 40, 48, '2025-05-12 16:37:14', 7933),
(692, 17, 45, '2025-05-16 18:11:02', 211741),
(693, 38, 67, '2025-06-14 16:15:45', 217962),
(694, 21, 24, '2025-05-05 20:02:52', 218848),
(695, 27, 11, '2025-06-20 18:29:23', 130121),
(696, 28, 24, '2025-06-29 14:47:43', 76881),
(697, 40, 67, '2025-04-10 13:02:27', 219946),
(698, 40, 12, '2025-06-16 10:21:30', 283718),
(699, 7, 6, '2025-04-15 09:57:31', 265766),
(700, 40, 27, '2025-06-21 15:26:09', 25682),
(701, 3, 24, '2025-05-10 05:43:54', 12064),
(702, 7, 35, '2025-05-17 09:49:50', 149204),
(703, 12, 36, '2025-05-24 23:16:01', 268528),
(704, 40, 5, '2025-04-17 12:08:43', 272644),
(705, 40, 21, '2025-06-06 17:18:06', 125192),
(706, 40, 13, '2025-05-20 19:56:20', 193097),
(707, 32, 27, '2025-05-24 07:13:28', 201233),
(708, 32, 48, '2025-04-28 12:25:15', 139664),
(709, 17, 65, '2025-05-12 03:50:35', 174201),
(710, 40, 42, '2025-05-20 01:42:24', 66539),
(711, 40, 70, '2025-05-27 13:51:06', 136159),
(712, 40, 9, '2025-05-06 20:44:00', 5629),
(713, 39, 49, '2025-05-17 16:18:58', 244780),
(714, 40, 26, '2025-04-15 16:07:23', 133897),
(715, 19, 45, '2025-05-10 12:39:35', 53415),
(716, 23, 28, '2025-06-19 13:34:41', 134191),
(717, 1, 22, '2025-04-22 02:57:23', 248513),
(718, 40, 23, '2025-06-05 15:25:16', 262644),
(719, 21, 65, '2025-06-17 05:24:14', 145564),
(720, 40, 20, '2025-05-23 15:12:34', 255810),
(721, 40, 59, '2025-06-16 16:44:39', 221464),
(722, 7, 48, '2025-05-27 08:30:46', 168373),
(723, 40, 67, '2025-04-26 22:50:49', 221810),
(724, 40, 42, '2025-05-28 19:23:31', 177883),
(725, 40, 48, '2025-06-26 06:39:02', 133572),
(726, 39, 65, '2025-05-02 20:11:57', 35116),
(727, 40, 45, '2025-05-18 20:44:29', 197710),
(728, 2, 66, '2025-05-31 07:23:04', 147515),
(729, 40, 67, '2025-04-21 11:17:19', 237596),
(730, 3, 1, '2025-05-31 22:35:59', 126578),
(731, 40, 48, '2025-04-14 21:35:30', 65817),
(732, 14, 67, '2025-05-12 19:53:12', 246810),
(733, 14, 23, '2025-04-30 18:25:02', 261762),
(734, 40, 48, '2025-05-20 13:31:01', 170291),
(735, 40, 53, '2025-05-10 10:22:31', 137283),
(736, 12, 68, '2025-06-13 14:11:30', 220202),
(737, 40, 24, '2025-05-10 20:06:16', 208998),
(738, 40, 64, '2025-05-30 20:20:27', 193767),
(739, 40, 14, '2025-05-27 17:40:57', 207742),
(740, 40, 42, '2025-04-14 22:27:52', 163725),
(741, 9, 43, '2025-04-25 07:26:11', 268286),
(742, 12, 48, '2025-05-13 08:11:46', 159138),
(743, 40, 12, '2025-04-25 18:31:53', 278036),
(744, 14, 45, '2025-04-07 19:36:06', 193460),
(745, 29, 48, '2025-06-02 17:36:11', 128174),
(746, 40, 24, '2025-06-29 08:19:09', 167452),
(747, 4, 24, '2025-06-19 20:03:12', 170910),
(748, 14, 67, '2025-05-02 09:00:19', 234106),
(749, 7, 28, '2025-04-17 10:00:07', 113512),
(750, 32, 56, '2025-06-30 09:02:20', 158720),
(751, 34, 43, '2025-04-28 14:39:51', 280980),
(752, 40, 37, '2025-06-18 15:11:52', 175836),
(753, 40, 24, '2025-05-28 15:36:57', 170066),
(754, 40, 2, '2025-06-07 21:27:00', 188348),
(755, 40, 50, '2025-05-20 07:19:27', 169513),
(756, 40, 35, '2025-05-14 00:18:01', 135570),
(757, 40, 26, '2025-05-09 07:42:05', 144272),
(758, 40, 48, '2025-06-07 08:05:46', 174967),
(759, 37, 36, '2025-06-10 13:11:39', 235837),
(760, 34, 36, '2025-04-17 15:31:28', 245997),
(761, 40, 36, '2025-05-07 18:53:24', 234156),
(762, 9, 67, '2025-05-30 18:16:55', 216098),
(763, 17, 17, '2025-05-11 17:10:27', 118647),
(764, 40, 41, '2025-05-28 14:02:39', 220750),
(765, 19, 12, '2025-06-09 05:59:51', 222334),
(766, 3, 11, '2025-06-16 13:51:30', 156631),
(767, 7, 43, '2025-04-13 06:12:38', 266039),
(768, 40, 67, '2025-05-18 17:20:53', 251089),
(769, 7, 65, '2025-06-26 14:38:03', 33160),
(770, 12, 43, '2025-05-30 18:17:43', 248314),
(771, 38, 48, '2025-05-19 12:35:17', 69979),
(772, 19, 65, '2025-05-09 13:20:32', 159015),
(773, 40, 70, '2025-05-15 21:17:38', 160681),
(774, 40, 21, '2025-05-01 20:39:51', 146471),
(775, 40, 32, '2025-04-04 11:45:11', 150761),
(776, 7, 48, '2025-05-20 18:06:19', 166461),
(777, 30, 67, '2025-05-25 14:57:12', 205549),
(778, 40, 26, '2025-05-12 18:47:41', 134433),
(779, 40, 28, '2025-04-24 22:32:49', 10347),
(780, 40, 67, '2025-04-30 19:45:35', 214983),
(781, 40, 48, '2025-06-23 15:21:19', 135954),
(782, 40, 17, '2025-06-19 18:10:05', 132657),
(783, 40, 45, '2025-06-21 16:09:45', 191127),
(784, 34, 2, '2025-05-05 11:25:58', 164756),
(785, 40, 12, '2025-05-18 17:50:00', 251322),
(786, 37, 48, '2025-04-05 07:45:26', 142690),
(787, 7, 65, '2025-04-27 05:36:02', 144178),
(788, 9, 43, '2025-06-02 17:56:44', 282151),
(789, 40, 11, '2025-05-20 13:10:12', 158291),
(790, 40, 65, '2025-06-02 17:59:12', 203607),
(791, 40, 24, '2025-05-23 16:02:21', 193705),
(792, 34, 41, '2025-06-05 21:49:33', 204742),
(793, 40, 12, '2025-06-25 18:11:51', 312370),
(794, 40, 28, '2025-04-18 08:31:42', 141204),
(795, 3, 65, '2025-05-21 04:53:11', 147208),
(796, 40, 37, '2025-05-19 01:30:47', 187522),
(797, 36, 27, '2025-06-14 17:15:21', 184409),
(798, 33, 62, '2025-06-22 00:02:38', 125388),
(799, 36, 65, '2025-04-06 20:54:27', 167285),
(800, 29, 2, '2025-06-18 17:37:20', 171682),
(801, 40, 12, '2025-05-23 16:06:31', 276455),
(802, 40, 48, '2025-06-16 17:07:46', 173608),
(803, 40, 48, '2025-05-06 17:26:42', 67200),
(804, 19, 35, '2025-06-23 10:36:29', 160803),
(805, 31, 65, '2025-04-09 12:15:59', 195161),
(806, 40, 45, '2025-06-30 03:29:56', 215953),
(807, 40, 26, '2025-05-06 21:02:45', 51511),
(808, 40, 4, '2025-06-21 05:50:15', 204107),
(809, 40, 51, '2025-06-10 20:47:45', 291949),
(810, 16, 67, '2025-05-30 22:49:52', 230453),
(811, 40, 65, '2025-06-27 08:28:11', 167093),
(812, 11, 67, '2025-04-04 11:31:03', 231959),
(813, 3, 28, '2025-06-18 18:47:04', 131896),
(814, 34, 65, '2025-05-26 04:56:07', 174729),
(815, 40, 67, '2025-06-17 20:13:56', 180031),
(816, 12, 66, '2025-04-09 21:16:06', 178387),
(817, 12, 14, '2025-06-18 23:20:53', 176928),
(818, 16, 24, '2025-06-07 20:36:28', 177339),
(819, 2, 49, '2025-06-01 13:09:15', 249036),
(820, 18, 12, '2025-06-14 19:19:20', 280971),
(821, 31, 12, '2025-06-16 16:28:06', 32180),
(822, 4, 48, '2025-04-12 19:05:58', 167388),
(823, 31, 12, '2025-04-09 22:40:28', 296833),
(824, 40, 45, '2025-06-15 18:50:29', 55471),
(825, 34, 12, '2025-04-11 14:18:47', 244391),
(826, 40, 35, '2025-06-20 18:30:19', 149867),
(827, 31, 43, '2025-04-10 15:27:16', 295422),
(828, 40, 65, '2025-04-21 14:00:30', 165276),
(829, 40, 54, '2025-05-12 07:40:46', 164366),
(830, 19, 65, '2025-05-15 07:20:28', 193576),
(831, 16, 20, '2025-06-25 15:39:08', 223978),
(832, 40, 65, '2025-05-15 23:01:17', 197109),
(833, 40, 72, '2025-06-21 14:01:29', 309239),
(834, 32, 35, '2025-06-10 06:14:19', 165354),
(835, 3, 12, '2025-06-26 17:23:24', 296244),
(836, 40, 48, '2025-06-12 19:59:26', 139618),
(837, 29, 28, '2025-06-26 17:34:27', 159928),
(838, 3, 21, '2025-05-18 22:36:32', 27663),
(839, 19, 43, '2025-05-05 06:13:15', 265052),
(840, 40, 48, '2025-05-26 04:04:11', 158476),
(841, 40, 45, '2025-06-17 12:04:09', 159046),
(842, 40, 37, '2025-04-12 12:55:47', 199930),
(843, 40, 58, '2025-05-02 15:10:52', 233887),
(844, 12, 45, '2025-05-31 18:25:48', 189144),
(845, 14, 28, '2025-05-25 18:06:35', 112844),
(846, 29, 48, '2025-04-03 18:27:50', 161432),
(847, 40, 30, '2025-06-08 12:46:40', 315320),
(848, 40, 47, '2025-06-29 13:55:00', 241291),
(849, 40, 40, '2025-06-02 18:31:13', 232542),
(850, 35, 22, '2025-05-22 03:49:56', 38945),
(851, 40, 57, '2025-05-05 18:08:40', 236300),
(852, 40, 66, '2025-05-04 15:11:46', 145670),
(853, 12, 48, '2025-04-14 13:46:12', 131551),
(854, 38, 24, '2025-05-12 17:06:19', 219238),
(855, 40, 49, '2025-06-26 11:47:43', 224321),
(856, 16, 63, '2025-04-28 10:49:12', 143911),
(857, 28, 15, '2025-05-06 01:57:17', 245763),
(858, 34, 48, '2025-04-17 09:16:05', 158366),
(859, 40, 38, '2025-05-24 20:02:21', 120400),
(860, 40, 65, '2025-05-21 12:08:15', 37469),
(861, 40, 23, '2025-06-22 03:44:33', 259446),
(862, 14, 48, '2025-06-20 13:03:12', 155105),
(863, 7, 24, '2025-04-24 18:02:05', 74238),
(864, 9, 43, '2025-06-22 22:40:06', 251168),
(865, 24, 67, '2025-04-27 19:30:05', 224971),
(866, 37, 21, '2025-04-04 15:31:12', 155064),
(867, 7, 48, '2025-06-19 19:47:14', 130607),
(868, 3, 32, '2025-04-25 16:41:20', 10682),
(869, 17, 42, '2025-05-05 17:51:51', 188512),
(870, 40, 10, '2025-05-27 02:31:11', 144056),
(871, 40, 11, '2025-04-24 19:04:42', 154509),
(872, 40, 67, '2025-04-18 16:31:28', 183730),
(873, 34, 24, '2025-05-15 17:33:02', 187111),
(874, 17, 48, '2025-04-30 02:40:42', 147613),
(875, 40, 8, '2025-06-27 00:26:44', 81610),
(876, 36, 49, '2025-06-19 19:02:25', 241631),
(877, 40, 43, '2025-06-14 14:56:08', 222541),
(878, 40, 46, '2025-04-29 15:41:23', 226089),
(879, 14, 11, '2025-04-24 16:08:01', 117884),
(880, 40, 43, '2025-05-16 03:58:30', 239049),
(881, 40, 21, '2025-06-12 12:46:40', 140717),
(882, 40, 64, '2025-04-22 13:52:13', 32546),
(883, 39, 28, '2025-05-18 07:47:47', 149926),
(884, 40, 48, '2025-05-28 21:41:03', 173500),
(885, 3, 48, '2025-05-16 05:21:27', 157934),
(886, 40, 34, '2025-05-11 14:27:16', 7219),
(887, 7, 20, '2025-05-07 07:31:28', 79088),
(888, 40, 65, '2025-04-04 20:45:18', 202342),
(889, 40, 24, '2025-06-23 20:15:28', 221158),
(890, 40, 65, '2025-05-18 07:11:51', 165706),
(891, 9, 42, '2025-05-30 23:45:50', 33276),
(892, 40, 43, '2025-04-11 19:42:37', 292217),
(893, 37, 37, '2025-04-18 18:00:26', 185356),
(894, 5, 65, '2025-05-30 15:13:36', 198182),
(895, 23, 67, '2025-04-24 18:21:46', 194420),
(896, 40, 43, '2025-05-01 21:11:40', 253610),
(897, 40, 48, '2025-05-28 08:19:34', 140588),
(898, 19, 52, '2025-06-24 18:28:50', 147639),
(899, 13, 14, '2025-06-24 08:12:28', 177093),
(900, 10, 70, '2025-06-17 12:54:30', 133372),
(901, 40, 70, '2025-05-16 21:16:11', 155189),
(902, 40, 67, '2025-06-29 20:08:56', 247119),
(903, 40, 28, '2025-05-25 09:11:41', 112155),
(904, 5, 67, '2025-06-06 19:11:04', 43905),
(905, 40, 65, '2025-05-27 12:15:18', 188472),
(906, 7, 48, '2025-06-15 18:56:36', 26535),
(907, 40, 48, '2025-05-28 20:05:52', 69067),
(908, 40, 6, '2025-06-29 19:21:29', 226071),
(909, 40, 45, '2025-05-14 19:50:56', 195761),
(910, 3, 71, '2025-05-04 11:05:14', 228565),
(911, 40, 24, '2025-05-29 18:21:59', 227253),
(912, 12, 12, '2025-05-24 09:55:57', 287145),
(913, 35, 65, '2025-05-24 08:46:26', 16289),
(914, 40, 48, '2025-04-04 12:09:01', 43581),
(915, 40, 48, '2025-06-17 20:06:32', 134076),
(916, 34, 42, '2025-05-26 11:11:08', 44716),
(917, 40, 37, '2025-05-13 16:35:15', 48227),
(918, 40, 12, '2025-05-31 15:47:58', 302074),
(919, 40, 12, '2025-05-29 07:16:39', 273210),
(920, 32, 67, '2025-04-04 07:11:45', 213979),
(921, 29, 48, '2025-05-07 08:48:17', 133969),
(922, 19, 6, '2025-06-25 15:41:51', 223974),
(923, 31, 48, '2025-06-11 20:22:45', 173711),
(924, 3, 15, '2025-05-27 17:28:17', 283267),
(925, 40, 5, '2025-04-13 09:27:02', 267415),
(926, 16, 15, '2025-04-24 21:34:05', 258846),
(927, 3, 67, '2025-06-03 19:44:00', 36051),
(928, 9, 65, '2025-06-12 21:24:34', 199031),
(929, 1, 65, '2025-06-23 19:25:30', 158008),
(930, 40, 43, '2025-06-06 12:46:50', 227958),
(931, 40, 64, '2025-06-07 15:36:38', 176645),
(932, 40, 45, '2025-06-09 22:45:31', 67663),
(933, 40, 71, '2025-06-09 20:23:36', 21141),
(934, 40, 23, '2025-05-20 06:25:20', 271791),
(935, 20, 41, '2025-06-24 20:35:59', 208555),
(936, 3, 65, '2025-05-22 20:46:13', 50295),
(937, 40, 65, '2025-06-09 16:58:42', 157337),
(938, 32, 2, '2025-05-09 14:18:03', 214168),
(939, 40, 48, '2025-05-31 12:47:36', 154299),
(940, 22, 67, '2025-06-20 14:06:29', 246341),
(941, 12, 43, '2025-06-22 20:52:59', 291506),
(942, 25, 31, '2025-06-29 07:00:37', 146661),
(943, 40, 51, '2025-06-27 20:21:58', 108642),
(944, 40, 8, '2025-06-28 17:52:55', 164200),
(945, 40, 72, '2025-06-26 07:23:13', 253023),
(946, 40, 49, '2025-05-26 06:34:16', 77847),
(947, 40, 24, '2025-06-26 22:56:36', 59576),
(948, 3, 7, '2025-04-05 12:01:23', 171875),
(949, 40, 9, '2025-06-04 06:58:21', 219019),
(950, 34, 65, '2025-06-27 19:50:51', 154506),
(951, 40, 43, '2025-06-25 16:17:59', 299188),
(952, 40, 47, '2025-06-14 11:39:35', 8225),
(953, 40, 63, '2025-05-26 20:03:09', 128257),
(954, 5, 1, '2025-05-15 17:27:12', 115041),
(955, 40, 48, '2025-04-18 15:37:55', 173329),
(956, 16, 8, '2025-04-06 20:20:01', 156738),
(957, 7, 48, '2025-06-29 09:04:40', 152682),
(958, 40, 72, '2025-05-30 07:27:20', 281533),
(959, 7, 21, '2025-06-08 12:50:28', 139582),
(960, 40, 23, '2025-05-28 15:04:47', 224504),
(961, 7, 35, '2025-06-01 19:30:30', 152911),
(962, 40, 65, '2025-04-24 15:35:06', 164332),
(963, 34, 23, '2025-05-12 17:52:47', 264815),
(964, 8, 62, '2025-05-23 15:34:41', 146298),
(965, 40, 55, '2025-04-11 12:30:11', 221724),
(966, 3, 39, '2025-04-01 06:02:33', 192961),
(967, 27, 67, '2025-04-26 20:26:20', 250924),
(968, 40, 67, '2025-06-26 09:57:00', 245513),
(969, 40, 49, '2025-04-10 18:00:39', 56190),
(970, 40, 31, '2025-06-29 20:47:28', 64175),
(971, 40, 48, '2025-04-20 03:53:53', 141403),
(972, 40, 26, '2025-06-13 20:29:01', 55519),
(973, 32, 1, '2025-06-29 21:52:50', 52566),
(974, 17, 65, '2025-05-21 20:05:50', 200312),
(975, 14, 37, '2025-06-19 20:33:15', 169649),
(976, 40, 68, '2025-06-07 16:44:49', 74397),
(977, 15, 20, '2025-06-14 21:00:05', 49765),
(978, 36, 48, '2025-05-13 20:22:27', 136953),
(979, 32, 28, '2025-06-08 16:49:12', 158048),
(980, 29, 28, '2025-06-26 10:02:54', 149159),
(981, 36, 45, '2025-05-13 06:06:19', 164775),
(982, 40, 51, '2025-06-10 17:13:02', 241209),
(983, 40, 29, '2025-06-02 14:15:17', 255933),
(984, 40, 42, '2025-06-26 09:16:32', 150004),
(985, 40, 48, '2025-05-21 21:36:42', 147910),
(986, 3, 53, '2025-06-04 19:34:50', 146025),
(987, 40, 18, '2025-06-03 20:10:31', 181089),
(988, 22, 24, '2025-04-26 00:16:43', 206768),
(989, 40, 27, '2025-05-08 08:32:53', 184722),
(990, 40, 21, '2025-04-29 21:29:42', 117907),
(991, 40, 27, '2025-06-26 15:07:00', 183286),
(992, 12, 48, '2025-05-31 19:33:04', 143386),
(993, 12, 30, '2025-04-12 19:10:28', 273998),
(994, 32, 12, '2025-05-03 09:25:36', 273661),
(995, 18, 15, '2025-04-15 19:11:10', 284412),
(996, 36, 71, '2025-04-20 19:44:48', 209807),
(997, 40, 30, '2025-04-30 08:04:30', 235497),
(998, 40, 3, '2025-06-29 05:59:33', 175199),
(999, 32, 67, '2025-06-12 07:23:15', 228942),
(1000, 40, 45, '2025-06-27 14:27:35', 159176),
(1001, 34, 46, '2025-06-28 19:13:10', 220420),
(1002, 40, 39, '2025-04-28 18:31:50', 233689),
(1003, 40, 43, '2025-06-16 11:42:55', 258251),
(1004, 19, 65, '2025-05-23 18:10:34', 147712),
(1005, 18, 43, '2025-04-11 09:28:22', 292513),
(1006, 18, 68, '2025-04-19 01:35:05', 229466),
(1007, 9, 65, '2025-05-07 14:38:50', 202145),
(1008, 34, 67, '2025-05-11 14:24:08', 185255),
(1009, 3, 28, '2025-06-03 17:53:15', 147019),
(1010, 32, 27, '2025-06-30 17:57:47', 166735),
(1011, 14, 65, '2025-06-24 13:17:33', 174711),
(1012, 3, 63, '2025-06-11 16:13:30', 118257),
(1013, 40, 31, '2025-06-15 07:56:06', 197715),
(1014, 7, 67, '2025-06-21 13:54:09', 206302),
(1015, 35, 43, '2025-05-29 20:09:14', 39530),
(1016, 19, 65, '2025-06-10 19:15:32', 43194),
(1017, 15, 18, '2025-05-31 05:55:40', 72131),
(1018, 12, 2, '2025-06-24 22:08:30', 208282),
(1019, 35, 27, '2025-05-06 20:03:59', 158771),
(1020, 8, 66, '2025-05-19 11:47:55', 158393),
(1021, 39, 42, '2025-06-22 15:06:20', 147292),
(1022, 36, 59, '2025-04-21 22:25:00', 15886),
(1023, 14, 65, '2025-05-16 21:14:47', 16305),
(1024, 40, 12, '2025-06-04 19:33:22', 236188),
(1025, 23, 41, '2025-05-26 07:37:47', 174368),
(1026, 40, 24, '2025-04-17 07:03:15', 203188),
(1027, 35, 58, '2025-06-20 07:50:51', 294813),
(1028, 7, 1, '2025-05-22 10:44:08', 151637),
(1029, 12, 47, '2025-04-03 01:11:16', 202698),
(1030, 12, 65, '2025-06-15 21:35:38', 60224),
(1031, 40, 22, '2025-06-13 16:07:06', 19003),
(1032, 36, 37, '2025-05-04 19:24:34', 36277),
(1033, 35, 48, '2025-04-11 15:03:23', 163383),
(1034, 35, 27, '2025-06-03 09:37:53', 143425),
(1035, 40, 43, '2025-06-21 11:34:38', 223549),
(1036, 14, 45, '2025-05-04 11:32:01', 218778),
(1037, 40, 27, '2025-04-30 12:08:53', 162373),
(1038, 40, 65, '2025-04-11 17:01:01', 171729),
(1039, 5, 23, '2025-05-02 12:24:23', 227031),
(1040, 40, 27, '2025-04-17 16:54:02', 173874),
(1041, 18, 43, '2025-05-27 21:30:01', 275327),
(1042, 38, 48, '2025-05-14 12:12:05', 140267),
(1043, 40, 49, '2025-06-13 06:01:23', 288189),
(1044, 9, 3, '2025-04-08 13:33:53', 180273),
(1045, 40, 49, '2025-06-23 16:10:12', 307185),
(1046, 32, 67, '2025-06-28 22:17:29', 203808),
(1047, 40, 8, '2025-06-21 18:00:07', 190283),
(1048, 40, 28, '2025-05-18 21:38:36', 142397),
(1049, 8, 22, '2025-06-09 21:54:41', 108048),
(1050, 4, 43, '2025-06-21 16:59:23', 234104),
(1051, 40, 16, '2025-06-15 20:46:57', 198111),
(1052, 40, 38, '2025-06-09 15:17:58', 118844),
(1053, 36, 58, '2025-05-05 13:24:04', 119699),
(1054, 40, 43, '2025-06-13 12:05:06', 217700),
(1055, 12, 63, '2025-06-30 22:27:30', 106311),
(1056, 40, 65, '2025-06-08 07:19:18', 189328),
(1057, 26, 3, '2025-05-20 07:35:41', 71695),
(1058, 18, 65, '2025-06-24 18:10:31', 185469),
(1059, 40, 27, '2025-04-21 23:41:17', 197497),
(1060, 3, 32, '2025-06-19 11:26:23', 169531),
(1061, 3, 42, '2025-05-02 14:32:56', 24170),
(1062, 40, 22, '2025-05-26 16:16:53', 304429),
(1063, 7, 43, '2025-06-23 22:17:38', 221170),
(1064, 40, 23, '2025-05-26 07:29:48', 220403),
(1065, 40, 48, '2025-06-09 17:15:04', 151768),
(1066, 40, 33, '2025-05-06 13:50:55', 257778),
(1067, 40, 10, '2025-06-04 18:04:31', 147180),
(1068, 21, 21, '2025-06-30 01:36:40', 143875),
(1069, 7, 67, '2025-04-21 19:23:52', 204526),
(1070, 40, 62, '2025-05-27 20:51:40', 129122),
(1071, 40, 27, '2025-05-08 20:50:12', 13082),
(1072, 29, 32, '2025-05-20 19:37:11', 159523),
(1073, 40, 65, '2025-04-27 21:35:29', 188049),
(1074, 40, 43, '2025-05-21 08:09:33', 219143),
(1075, 40, 49, '2025-05-15 21:54:56', 256723),
(1076, 22, 50, '2025-05-23 07:29:27', 145796),
(1077, 40, 61, '2025-04-10 16:45:08', 50517),
(1078, 19, 67, '2025-04-07 18:23:11', 221509),
(1079, 40, 43, '2025-05-26 07:57:42', 240720),
(1080, 33, 48, '2025-05-19 16:45:39', 19710),
(1081, 40, 65, '2025-05-21 13:39:11', 197960),
(1082, 40, 16, '2025-04-29 10:11:29', 191839),
(1083, 40, 65, '2025-04-13 06:31:27', 191285),
(1084, 3, 12, '2025-04-14 13:59:23', 227993),
(1085, 2, 71, '2025-06-20 13:23:32', 191156),
(1086, 11, 42, '2025-06-07 16:23:55', 191215),
(1087, 40, 48, '2025-04-18 22:55:18', 151739),
(1088, 18, 21, '2025-05-29 18:31:17', 148049),
(1089, 40, 24, '2025-06-21 11:36:41', 180037),
(1090, 40, 43, '2025-05-27 12:05:09', 238027),
(1091, 14, 7, '2025-05-12 16:12:51', 71966),
(1092, 35, 12, '2025-04-13 18:31:22', 271070),
(1093, 29, 45, '2025-06-08 03:44:32', 198796),
(1094, 40, 48, '2025-04-08 21:49:59', 127437),
(1095, 11, 53, '2025-05-27 09:02:08', 104022),
(1096, 7, 67, '2025-05-13 20:14:41', 237043),
(1097, 40, 65, '2025-05-25 01:50:31', 173990),
(1098, 35, 48, '2025-04-13 07:50:04', 64690),
(1099, 40, 50, '2025-04-23 18:39:05', 172157),
(1100, 40, 48, '2025-04-08 13:32:52', 156240),
(1101, 2, 45, '2025-06-24 22:09:21', 212874),
(1102, 40, 65, '2025-06-25 11:27:41', 143677),
(1103, 3, 14, '2025-04-30 17:33:53', 157253),
(1104, 40, 37, '2025-04-19 19:43:59', 235926),
(1105, 40, 21, '2025-04-16 14:11:26', 138920),
(1106, 6, 31, '2025-06-25 19:34:30', 75679),
(1107, 35, 33, '2025-06-12 18:38:11', 203770),
(1108, 40, 43, '2025-06-20 09:21:39', 251004),
(1109, 40, 37, '2025-06-18 16:00:26', 231063),
(1110, 40, 2, '2025-05-11 18:31:49', 200969),
(1111, 9, 21, '2025-06-27 09:04:05', 143798),
(1112, 40, 27, '2025-04-20 18:58:32', 63269),
(1113, 2, 48, '2025-05-28 20:07:07', 176606),
(1114, 40, 48, '2025-05-27 12:47:57', 135892),
(1115, 40, 17, '2025-05-15 06:47:51', 35631),
(1116, 40, 3, '2025-06-13 16:57:47', 54171),
(1117, 36, 17, '2025-05-02 06:45:42', 111335),
(1118, 40, 67, '2025-05-06 20:40:23', 196800),
(1119, 40, 18, '2025-04-26 03:48:03', 21243),
(1120, 34, 14, '2025-04-27 12:32:30', 71998),
(1121, 40, 65, '2025-06-19 08:58:04', 153936),
(1122, 2, 28, '2025-04-27 07:46:12', 29176),
(1123, 37, 65, '2025-05-29 20:05:23', 158426),
(1124, 16, 67, '2025-06-25 21:37:46', 181992),
(1125, 1, 11, '2025-04-20 20:17:45', 151390),
(1126, 40, 24, '2025-06-12 06:32:09', 186623),
(1127, 1, 56, '2025-04-22 15:39:23', 150473),
(1128, 7, 48, '2025-05-27 00:59:46', 156347),
(1129, 34, 45, '2025-05-20 19:32:58', 70239),
(1130, 40, 65, '2025-06-22 12:45:07', 38502),
(1131, 40, 42, '2025-04-30 19:43:12', 156324),
(1132, 39, 48, '2025-05-29 19:42:25', 141008),
(1133, 3, 24, '2025-05-22 08:21:44', 183283),
(1134, 12, 68, '2025-06-05 00:28:18', 197760),
(1135, 40, 27, '2025-05-04 15:09:02', 150463),
(1136, 40, 42, '2025-05-01 21:23:33', 179722),
(1137, 3, 37, '2025-04-03 06:46:16', 194536),
(1138, 40, 66, '2025-06-12 18:53:33', 16206),
(1139, 22, 14, '2025-05-29 18:21:14', 188102),
(1140, 40, 10, '2025-04-23 06:58:30', 48723),
(1141, 40, 56, '2025-04-19 21:08:22', 168522),
(1142, 40, 43, '2025-05-29 05:34:24', 252025),
(1143, 40, 65, '2025-06-05 20:41:57', 71355),
(1144, 40, 34, '2025-06-28 20:18:38', 198859),
(1145, 31, 48, '2025-04-10 15:17:36', 159151),
(1146, 40, 26, '2025-06-17 18:28:18', 143845),
(1147, 40, 32, '2025-06-19 21:08:45', 145564),
(1148, 37, 24, '2025-06-30 12:04:54', 38243),
(1149, 38, 65, '2025-06-19 17:48:09', 151796),
(1150, 3, 65, '2025-04-17 07:51:56', 198082),
(1151, 35, 37, '2025-04-29 17:07:52', 52776),
(1152, 6, 7, '2025-04-28 21:48:44', 146768),
(1153, 40, 37, '2025-06-12 12:31:14', 191986),
(1154, 40, 21, '2025-04-10 21:49:32', 146052),
(1155, 1, 22, '2025-05-26 11:33:51', 316893),
(1156, 3, 49, '2025-04-20 16:45:37', 312814),
(1157, 33, 6, '2025-05-19 00:00:50', 264481),
(1158, 16, 42, '2025-05-06 13:31:18', 170173),
(1159, 40, 48, '2025-06-08 21:10:49', 131098),
(1160, 32, 64, '2025-06-16 12:09:30', 236491),
(1161, 27, 43, '2025-06-13 14:25:58', 229750),
(1162, 36, 20, '2025-04-02 09:21:58', 90594),
(1163, 17, 1, '2025-06-05 10:20:43', 120126),
(1164, 40, 24, '2025-06-12 20:18:57', 90627),
(1165, 40, 65, '2025-04-05 10:05:18', 183325),
(1166, 40, 62, '2025-05-30 06:14:47', 37719),
(1167, 12, 11, '2025-04-30 04:35:46', 65299),
(1168, 8, 18, '2025-06-30 06:09:04', 180191),
(1169, 40, 26, '2025-05-05 20:00:34', 110977),
(1170, 12, 58, '2025-04-15 18:32:47', 244025),
(1171, 40, 14, '2025-06-16 18:07:09', 199036),
(1172, 12, 48, '2025-05-01 19:45:59', 52429),
(1173, 27, 66, '2025-06-07 00:53:51', 186864),
(1174, 40, 42, '2025-05-16 22:47:33', 147428),
(1175, 14, 36, '2025-05-27 14:21:51', 248048),
(1176, 39, 14, '2025-06-22 15:54:32', 202390),
(1177, 40, 48, '2025-06-23 15:58:45', 131310),
(1178, 9, 27, '2025-04-06 09:54:56', 180248),
(1179, 7, 47, '2025-06-12 08:09:37', 225180),
(1180, 36, 24, '2025-06-08 19:42:38', 212122),
(1181, 40, 2, '2025-06-24 06:49:03', 172812),
(1182, 40, 65, '2025-05-04 18:05:55', 202253),
(1183, 40, 45, '2025-04-17 21:34:21', 59900),
(1184, 33, 67, '2025-04-20 13:35:11', 179919),
(1185, 12, 67, '2025-04-12 05:07:08', 255169),
(1186, 40, 12, '2025-05-25 16:01:33', 231889),
(1187, 12, 7, '2025-05-29 18:51:50', 77254),
(1188, 39, 23, '2025-05-27 02:25:07', 246524),
(1189, 40, 40, '2025-06-08 17:16:45', 279050),
(1190, 37, 37, '2025-05-14 20:08:06', 221470),
(1191, 40, 21, '2025-06-11 13:45:46', 17618),
(1192, 40, 13, '2025-06-28 12:59:47', 194354),
(1193, 40, 9, '2025-06-27 22:39:53', 203941),
(1194, 9, 60, '2025-04-07 19:41:20', 39282),
(1195, 25, 71, '2025-05-14 16:26:11', 207143),
(1196, 32, 40, '2025-06-17 22:43:57', 221448),
(1197, 36, 67, '2025-04-29 17:50:11', 243317),
(1198, 34, 50, '2025-05-28 21:57:58', 164373),
(1199, 40, 37, '2025-06-23 09:54:02', 240489),
(1200, 40, 38, '2025-04-20 20:33:22', 60017),
(1201, 40, 43, '2025-05-28 09:50:50', 293128),
(1202, 40, 48, '2025-05-09 03:13:08', 54839),
(1203, 16, 65, '2025-06-09 20:23:03', 158162),
(1204, 40, 50, '2025-06-03 21:00:34', 155013),
(1205, 12, 43, '2025-05-08 18:26:33', 235151),
(1206, 40, 43, '2025-06-16 19:31:23', 34462),
(1207, 40, 48, '2025-06-17 18:07:29', 160347),
(1208, 11, 43, '2025-05-22 07:48:22', 216981),
(1209, 17, 15, '2025-05-17 11:23:11', 244967),
(1210, 40, 27, '2025-05-31 12:15:05', 79964),
(1211, 36, 7, '2025-06-22 22:51:51', 145190),
(1212, 6, 48, '2025-05-18 14:54:36', 66911),
(1213, 40, 49, '2025-04-05 08:28:13', 283722),
(1214, 20, 45, '2025-05-31 16:49:12', 153914),
(1215, 33, 56, '2025-04-09 15:08:39', 176882),
(1216, 40, 43, '2025-05-01 09:59:38', 256694),
(1217, 40, 67, '2025-04-15 21:04:34', 247016),
(1218, 3, 22, '2025-06-01 19:38:22', 281769),
(1219, 24, 42, '2025-05-20 00:07:16', 179207),
(1220, 33, 42, '2025-06-12 20:27:16', 186125),
(1221, 12, 48, '2025-04-10 13:49:45', 41108),
(1222, 40, 49, '2025-06-14 12:04:46', 240986),
(1223, 40, 35, '2025-05-22 07:17:41', 139688),
(1224, 5, 67, '2025-04-15 19:35:45', 238633),
(1225, 40, 45, '2025-04-04 07:01:15', 215464),
(1226, 31, 61, '2025-04-02 03:38:56', 147889),
(1227, 40, 67, '2025-05-26 20:41:50', 195160),
(1228, 40, 37, '2025-04-21 07:17:58', 220629),
(1229, 40, 27, '2025-04-09 10:40:03', 49837),
(1230, 40, 27, '2025-05-29 18:20:24', 26423),
(1231, 19, 24, '2025-05-25 15:53:49', 221355),
(1232, 32, 53, '2025-04-21 22:32:06', 30269),
(1233, 34, 48, '2025-06-03 20:18:13', 37312),
(1234, 7, 23, '2025-06-07 21:09:11', 255760),
(1235, 4, 48, '2025-06-07 16:48:17', 155606),
(1236, 2, 48, '2025-05-26 12:24:22', 164130),
(1237, 36, 42, '2025-04-02 20:28:37', 150173),
(1238, 30, 27, '2025-05-20 10:21:03', 173204),
(1239, 40, 67, '2025-05-05 17:23:37', 34481),
(1240, 40, 48, '2025-05-12 16:53:18', 168317),
(1241, 33, 15, '2025-04-05 07:19:30', 210170),
(1242, 40, 48, '2025-05-16 18:08:30', 133082),
(1243, 3, 58, '2025-06-24 08:44:02', 219298),
(1244, 40, 1, '2025-04-16 12:20:20', 147067),
(1245, 30, 65, '2025-05-05 17:14:51', 155841),
(1246, 40, 27, '2025-06-30 14:28:30', 172850),
(1247, 40, 51, '2025-04-28 06:16:27', 260399),
(1248, 29, 45, '2025-06-08 20:58:46', 74059),
(1249, 40, 27, '2025-05-06 19:09:02', 52163),
(1250, 40, 28, '2025-06-15 00:50:43', 42199),
(1251, 36, 64, '2025-06-13 15:35:10', 239210),
(1252, 13, 48, '2025-06-06 21:30:21', 148632),
(1253, 40, 12, '2025-04-02 18:47:49', 299054),
(1254, 40, 43, '2025-05-29 19:18:59', 239464),
(1255, 32, 56, '2025-06-30 18:46:02', 25427),
(1256, 28, 43, '2025-06-10 10:31:29', 271368),
(1257, 12, 66, '2025-05-17 15:15:46', 169177),
(1258, 40, 28, '2025-06-01 19:41:47', 59860),
(1259, 18, 72, '2025-06-14 15:41:47', 122390),
(1260, 40, 58, '2025-04-05 06:14:53', 267426),
(1261, 32, 33, '2025-05-13 19:53:15', 229639),
(1262, 4, 21, '2025-04-21 09:42:03', 143208),
(1263, 29, 65, '2025-06-03 12:48:08', 157143),
(1264, 40, 43, '2025-06-13 07:33:41', 211888),
(1265, 3, 7, '2025-06-12 18:17:11', 176637),
(1266, 29, 56, '2025-06-11 13:47:12', 15002),
(1267, 40, 45, '2025-05-27 17:43:49', 59994),
(1268, 40, 65, '2025-06-01 14:58:15', 25876),
(1269, 40, 14, '2025-05-15 17:53:54', 167669),
(1270, 40, 27, '2025-04-16 19:19:17', 171744),
(1271, 40, 31, '2025-05-04 13:40:20', 10740),
(1272, 21, 65, '2025-05-16 16:06:08', 160768),
(1273, 3, 37, '2025-06-25 18:10:25', 51121),
(1274, 34, 68, '2025-06-21 03:59:48', 253778),
(1275, 19, 65, '2025-06-04 16:25:59', 187316),
(1276, 40, 65, '2025-05-26 13:21:27', 29619),
(1277, 16, 48, '2025-06-04 10:07:37', 166048),
(1278, 14, 22, '2025-04-24 18:43:53', 265634),
(1279, 34, 36, '2025-06-27 20:50:17', 280123),
(1280, 40, 45, '2025-06-02 15:49:25', 217178),
(1281, 40, 37, '2025-05-29 09:40:32', 203841),
(1282, 40, 68, '2025-05-22 11:47:03', 234962),
(1283, 40, 10, '2025-06-24 22:56:49', 146995),
(1284, 12, 48, '2025-06-12 15:06:55', 129663),
(1285, 16, 65, '2025-05-19 20:45:06', 178419),
(1286, 40, 21, '2025-06-06 20:14:51', 13159),
(1287, 40, 48, '2025-05-27 19:47:13', 48674),
(1288, 7, 56, '2025-06-25 18:24:14', 168405),
(1289, 40, 65, '2025-05-07 12:32:00', 196658),
(1290, 40, 72, '2025-04-10 08:25:10', 72454),
(1291, 4, 67, '2025-06-21 12:04:59', 243205),
(1292, 7, 45, '2025-06-28 23:38:46', 210502),
(1293, 6, 7, '2025-04-06 15:08:24', 170870),
(1294, 40, 31, '2025-04-19 21:19:13', 167737),
(1295, 8, 57, '2025-05-24 19:18:18', 275280),
(1296, 40, 10, '2025-05-02 04:57:18', 134802),
(1297, 40, 45, '2025-05-11 19:07:20', 202608),
(1298, 40, 66, '2025-05-27 07:28:41', 155701),
(1299, 7, 45, '2025-04-25 06:04:19', 207733),
(1300, 40, 3, '2025-04-27 19:55:27', 172255),
(1301, 40, 3, '2025-06-20 21:20:02', 178224),
(1302, 18, 67, '2025-06-04 22:09:40', 192280),
(1303, 40, 66, '2025-05-07 20:05:19', 183172),
(1304, 40, 65, '2025-05-23 21:19:51', 162363),
(1305, 14, 6, '2025-06-22 19:34:55', 226022),
(1306, 31, 2, '2025-04-21 22:10:24', 173237),
(1307, 40, 70, '2025-05-18 16:43:59', 180097),
(1308, 40, 21, '2025-04-08 07:42:23', 120731),
(1309, 40, 51, '2025-04-19 22:42:42', 301101),
(1310, 29, 11, '2025-06-17 21:44:41', 138778),
(1311, 6, 43, '2025-04-12 18:09:35', 239324),
(1312, 12, 45, '2025-05-17 19:09:40', 204505),
(1313, 40, 65, '2025-06-01 09:30:25', 164697),
(1314, 40, 45, '2025-05-13 20:37:30', 167242),
(1315, 36, 37, '2025-06-02 19:45:18', 221494),
(1316, 21, 10, '2025-06-13 09:20:09', 165527),
(1317, 3, 46, '2025-05-25 09:20:46', 68937),
(1318, 40, 8, '2025-04-18 21:03:39', 186179),
(1319, 32, 10, '2025-05-23 12:00:21', 137975),
(1320, 12, 67, '2025-06-07 09:29:50', 183218),
(1321, 40, 67, '2025-05-11 17:07:33', 235741),
(1322, 9, 37, '2025-05-07 19:45:29', 190236),
(1323, 40, 48, '2025-06-11 22:15:46', 174272),
(1324, 40, 69, '2025-05-06 22:37:05', 240374),
(1325, 7, 67, '2025-05-01 12:16:51', 60376),
(1326, 3, 27, '2025-05-24 08:10:11', 182744),
(1327, 40, 48, '2025-05-22 18:42:34', 125287),
(1328, 9, 12, '2025-06-14 16:22:08', 283288),
(1329, 40, 37, '2025-06-21 20:36:12', 205832),
(1330, 16, 27, '2025-06-14 22:34:54', 149213),
(1331, 40, 37, '2025-05-30 14:24:39', 180794),
(1332, 3, 16, '2025-06-27 12:19:12', 6606),
(1333, 19, 2, '2025-04-28 10:03:09', 196720),
(1334, 40, 21, '2025-05-20 09:37:45', 156571),
(1335, 3, 43, '2025-04-29 14:47:45', 286143),
(1336, 7, 5, '2025-04-08 20:30:35', 217131),
(1337, 40, 45, '2025-04-11 21:06:51', 179747),
(1338, 40, 21, '2025-06-22 12:03:20', 132799),
(1339, 40, 46, '2025-05-13 12:44:46', 49985),
(1340, 34, 43, '2025-06-06 19:41:29', 254550),
(1341, 40, 38, '2025-05-21 06:31:11', 139937),
(1342, 16, 65, '2025-06-24 14:04:21', 174848),
(1343, 34, 56, '2025-05-18 20:14:01', 185881),
(1344, 40, 27, '2025-06-21 16:35:00', 144706),
(1345, 29, 24, '2025-06-21 08:37:56', 197543),
(1346, 2, 57, '2025-05-18 15:53:40', 238541),
(1347, 25, 66, '2025-04-03 00:47:31', 17185),
(1348, 40, 41, '2025-06-02 11:22:04', 225987),
(1349, 40, 26, '2025-05-02 09:14:52', 115225),
(1350, 32, 12, '2025-04-07 18:43:45', 254182),
(1351, 28, 37, '2025-04-08 13:43:35', 227486),
(1352, 28, 65, '2025-05-08 15:23:33', 154391),
(1353, 40, 33, '2025-05-17 15:58:49', 229509),
(1354, 14, 22, '2025-04-26 06:52:44', 240094),
(1355, 19, 48, '2025-04-19 20:40:41', 158447),
(1356, 7, 66, '2025-06-09 13:32:49', 147393),
(1357, 34, 48, '2025-05-13 22:57:26', 126892),
(1358, 32, 48, '2025-05-11 09:22:38', 67049),
(1359, 40, 31, '2025-05-14 11:38:39', 166212),
(1360, 40, 43, '2025-04-01 07:28:53', 224913),
(1361, 40, 43, '2025-06-09 15:48:03', 72633),
(1362, 5, 71, '2025-04-28 18:40:15', 196171),
(1363, 18, 48, '2025-05-17 10:53:01', 154675),
(1364, 40, 48, '2025-06-17 19:01:42', 163480),
(1365, 22, 10, '2025-05-24 07:05:34', 155366),
(1366, 2, 48, '2025-04-24 18:53:29', 174117),
(1367, 33, 65, '2025-05-20 20:29:43', 28741),
(1368, 7, 52, '2025-04-22 17:33:18', 182718),
(1369, 11, 45, '2025-05-08 22:55:46', 34942),
(1370, 40, 42, '2025-05-15 22:28:07', 52427),
(1371, 40, 13, '2025-05-08 21:09:16', 238961),
(1372, 3, 57, '2025-04-16 18:44:47', 225309),
(1373, 40, 45, '2025-05-30 06:45:17', 185234),
(1374, 40, 48, '2025-05-04 05:45:48', 153725),
(1375, 40, 61, '2025-05-09 22:02:08', 145768),
(1376, 36, 43, '2025-06-29 14:09:41', 249031),
(1377, 40, 26, '2025-05-01 22:13:13', 126446),
(1378, 40, 65, '2025-05-23 13:15:20', 153224),
(1379, 40, 67, '2025-05-18 18:33:47', 212085),
(1380, 30, 9, '2025-06-07 11:25:15', 241651),
(1381, 40, 67, '2025-06-25 23:29:57', 214843),
(1382, 40, 41, '2025-04-28 20:26:33', 221909),
(1383, 40, 5, '2025-06-29 07:33:34', 51852),
(1384, 40, 52, '2025-05-16 20:35:24', 159258),
(1385, 34, 49, '2025-04-25 12:28:20', 285532),
(1386, 40, 46, '2025-04-26 02:35:08', 217525),
(1387, 24, 37, '2025-05-23 22:54:12', 197831),
(1388, 27, 33, '2025-05-20 18:01:47', 260935),
(1389, 39, 48, '2025-04-29 15:53:36', 168233),
(1390, 40, 24, '2025-06-25 10:49:14', 163832),
(1391, 40, 27, '2025-04-05 10:38:15', 71388),
(1392, 31, 48, '2025-04-23 06:14:53', 171550),
(1393, 14, 39, '2025-06-12 18:11:09', 207766),
(1394, 40, 67, '2025-04-19 22:35:10', 207506),
(1395, 40, 57, '2025-06-01 13:44:55', 251626),
(1396, 40, 43, '2025-05-17 21:33:22', 62944),
(1397, 40, 3, '2025-04-20 10:46:44', 182334),
(1398, 7, 16, '2025-05-15 14:30:13', 197588),
(1399, 3, 22, '2025-06-28 14:25:34', 313339),
(1400, 3, 23, '2025-06-17 20:58:59', 90268),
(1401, 40, 3, '2025-06-11 16:14:45', 139376),
(1402, 40, 63, '2025-04-19 19:11:42', 131216),
(1403, 3, 42, '2025-04-10 17:20:44', 39893),
(1404, 3, 48, '2025-05-15 07:26:27', 146555),
(1405, 3, 60, '2025-04-29 08:35:29', 159435),
(1406, 12, 28, '2025-05-27 14:47:27', 126160),
(1407, 8, 67, '2025-05-04 21:53:40', 220707),
(1408, 7, 52, '2025-05-02 16:32:34', 186096),
(1409, 32, 65, '2025-06-03 09:50:30', 79806),
(1410, 31, 48, '2025-06-08 18:05:45', 166377),
(1411, 14, 48, '2025-06-10 21:22:39', 161938),
(1412, 40, 51, '2025-04-07 18:06:34', 230763),
(1413, 22, 27, '2025-06-09 16:58:40', 168958),
(1414, 40, 48, '2025-04-17 20:59:38', 152376),
(1415, 32, 67, '2025-06-14 17:07:45', 225662),
(1416, 40, 45, '2025-05-12 01:27:39', 156609),
(1417, 22, 21, '2025-05-17 17:43:54', 145261),
(1418, 16, 38, '2025-06-14 10:26:03', 133357),
(1419, 40, 6, '2025-05-31 21:12:45', 262631),
(1420, 40, 48, '2025-05-30 21:22:18', 156057),
(1421, 40, 49, '2025-05-01 12:12:28', 238019),
(1422, 40, 8, '2025-04-14 16:46:35', 49033),
(1423, 32, 22, '2025-06-17 20:05:45', 263097),
(1424, 40, 1, '2025-06-20 15:57:57', 135737),
(1425, 40, 67, '2025-06-10 21:22:15', 207912),
(1426, 40, 29, '2025-06-30 15:50:36', 231411),
(1427, 40, 24, '2025-04-22 11:55:17', 216379),
(1428, 40, 65, '2025-05-05 00:07:38', 161162),
(1429, 19, 48, '2025-05-29 20:33:23', 143365),
(1430, 12, 24, '2025-05-04 07:11:06', 200836),
(1431, 40, 45, '2025-06-25 21:54:23', 157190),
(1432, 2, 28, '2025-04-24 14:12:30', 144215),
(1433, 40, 67, '2025-06-19 22:52:02', 251135),
(1434, 21, 48, '2025-04-28 19:05:10', 136408),
(1435, 40, 62, '2025-06-30 12:00:24', 138510),
(1436, 40, 48, '2025-05-31 20:20:34', 160924),
(1437, 33, 32, '2025-05-16 19:20:46', 14218),
(1438, 40, 12, '2025-06-09 13:14:33', 41979),
(1439, 36, 59, '2025-05-03 05:34:26', 257280),
(1440, 38, 44, '2025-05-14 16:52:42', 131838),
(1441, 40, 4, '2025-06-08 07:04:18', 20026),
(1442, 40, 3, '2025-04-30 16:18:39', 176538),
(1443, 28, 56, '2025-04-17 16:16:08', 135212),
(1444, 29, 48, '2025-06-05 15:48:16', 143864),
(1445, 21, 69, '2025-05-17 18:50:15', 33234),
(1446, 10, 16, '2025-05-08 16:39:39', 204066),
(1447, 3, 9, '2025-06-22 17:25:35', 280979),
(1448, 19, 48, '2025-05-30 19:37:52', 49890),
(1449, 40, 28, '2025-06-11 18:27:13', 148217),
(1450, 36, 43, '2025-05-25 17:42:23', 289997),
(1451, 40, 48, '2025-04-29 20:22:31', 143841),
(1452, 7, 19, '2025-05-05 18:59:27', 141805),
(1453, 12, 49, '2025-05-29 07:42:50', 227611),
(1454, 3, 3, '2025-04-23 03:32:26', 144821),
(1455, 34, 49, '2025-04-09 16:59:22', 239886),
(1456, 23, 28, '2025-05-25 18:38:25', 139643),
(1457, 2, 36, '2025-06-13 14:56:16', 289478),
(1458, 36, 36, '2025-06-08 06:18:52', 26627),
(1459, 40, 47, '2025-05-25 11:02:14', 260676),
(1460, 40, 27, '2025-06-21 18:03:11', 156328),
(1461, 16, 48, '2025-05-10 08:21:42', 133342),
(1462, 7, 59, '2025-04-03 07:46:57', 249924),
(1463, 40, 71, '2025-04-26 13:27:57', 248354),
(1464, 19, 63, '2025-06-24 14:58:17', 112252),
(1465, 19, 48, '2025-04-27 19:04:06', 144832),
(1466, 39, 40, '2025-05-23 19:43:53', 36717),
(1467, 11, 27, '2025-06-28 07:56:42', 180320),
(1468, 36, 21, '2025-06-14 21:49:33', 114004),
(1469, 16, 2, '2025-04-28 15:37:57', 221705),
(1470, 3, 22, '2025-05-03 09:58:22', 262087),
(1471, 40, 48, '2025-05-17 19:52:30', 126511),
(1472, 40, 47, '2025-04-26 20:59:49', 202085),
(1473, 40, 39, '2025-06-12 12:15:24', 223277),
(1474, 40, 63, '2025-05-05 19:11:50', 141884),
(1475, 40, 40, '2025-05-04 15:33:29', 223044),
(1476, 40, 67, '2025-05-06 19:52:05', 231667),
(1477, 29, 56, '2025-06-14 19:14:00', 135945),
(1478, 40, 17, '2025-06-24 12:01:25', 111820),
(1479, 40, 48, '2025-05-03 19:48:55', 168102),
(1480, 12, 42, '2025-06-21 16:49:32', 16688),
(1481, 40, 21, '2025-05-09 18:09:06', 123973),
(1482, 40, 38, '2025-06-03 20:48:51', 146715),
(1483, 7, 27, '2025-04-27 10:44:11', 171779),
(1484, 34, 48, '2025-05-01 14:38:25', 149986),
(1485, 38, 22, '2025-04-28 18:29:30', 237076),
(1486, 40, 48, '2025-04-23 17:22:16', 148974),
(1487, 40, 29, '2025-06-01 15:59:39', 249452),
(1488, 23, 48, '2025-06-24 13:34:42', 171199),
(1489, 2, 41, '2025-05-20 17:25:36', 185020),
(1490, 36, 71, '2025-04-12 18:32:33', 210757),
(1491, 31, 36, '2025-04-28 18:44:34', 251657),
(1492, 34, 37, '2025-04-11 12:02:17', 75370),
(1493, 40, 35, '2025-06-11 16:20:58', 141747),
(1494, 40, 20, '2025-06-16 07:43:35', 16478),
(1495, 40, 55, '2025-04-15 12:13:28', 178464),
(1496, 14, 27, '2025-06-08 13:29:33', 159975),
(1497, 3, 48, '2025-06-25 12:18:24', 163937),
(1498, 23, 65, '2025-04-21 22:59:39', 184861),
(1499, 40, 16, '2025-06-10 00:40:44', 166825),
(1500, 1, 66, '2025-06-18 22:21:21', 149958);

